time,milk,no_milk
0,0.505924358,0.477632828
0.5,0.505924358,0.492539444
1,0.495986004,0.472663956
1.5,0.491016827,0.487570572
2,0.481078472,0.477632828
2.5,0.486047649,0.4826017
3,0.471140118,0.477632828
3.5,0.481078472,0.472663956
4,0.481078472,0.477632828
4.5,0.471140118,0.472663956
5,0.471140118,0.467695084
5.5,0.46617094,0.467695084
6,0.476109295,0.472663956
6.5,0.481078472,0.477632828
7,0.476109295,0.467695084
7.5,0.476109295,0.462726212
8,0.486047649,0.472663956
8.5,0.471140118,0.467695084
9,0.471140118,0.467695084
9.5,0.476109295,0.462726212
10,0.476109295,0.462726212
10.5,0.486047649,0.477632828
11,0.471140118,0.467695084
11.5,0.476109295,0.467695084
12,0.471140118,0.472663956
12.5,0.481078472,0.472663956
13,0.481078472,0.472663956
13.5,0.481078472,0.477632828
14,0.486047649,0.4826017
14.5,0.481078472,0.4826017
15,0.486047649,0.472663956
15.5,0.481078472,0.477632828
16,0.486047649,0.487570572
16.5,0.486047649,0.472663956
17,0.495986004,0.477632828
17.5,0.481078472,0.477632828
18,0.481078472,0.4826017
18.5,0.491016827,0.487570572
19,0.481078472,0.477632828
19.5,0.491016827,0.497508316
20,0.505924358,0.487570572
20.5,0.500955181,0.487570572
21,0.495986004,0.492539444
21.5,0.491016827,0.4826017
22,0.495986004,0.492539444
22.5,0.495986004,0.4826017
23,0.505924358,0.4826017
23.5,0.500955181,0.492539444
24,0.510893536,0.492539444
24.5,0.491016827,0.477632828
25,0.500955181,0.497508316
25.5,0.500955181,0.492539444
26,0.505924358,0.492539444
26.5,0.505924358,0.487570572
27,0.495986004,0.497508316
27.5,0.500955181,0.487570572
28,0.500955181,0.497508316
28.5,0.500955181,0.477632828
29,0.510893536,0.497508316
29.5,0.505924358,0.492539444
30,0.550646954,0.497508316
30.5,0.625184612,0.497508316
31,0.669907207,0.492539444
31.5,0.699722271,0.502477188
32,0.71959898,0.492539444
32.5,0.724568157,0.492539444
33,0.734506512,0.502477188
33.5,0.734506512,0.497508316
34,0.734506512,0.497508316
34.5,0.749414043,0.502477188
35,0.749414043,0.512414932
35.5,0.759352398,0.497508316
36,0.764321575,0.50744606
36.5,0.764321575,0.502477188
37,0.77425993,0.502477188
37.5,0.77425993,0.502477188
38,0.779229107,0.502477188
38.5,0.779229107,0.502477188
39,0.77425993,0.50744606
39.5,0.784198284,0.50744606
40,0.784198284,0.502477188
40.5,0.794136639,0.50744606
41,0.779229107,0.497508316
41.5,0.794136639,0.512414932
42,0.794136639,0.512414932
42.5,0.789167461,0.502477188
43,0.794136639,0.502477188
43.5,0.789167461,0.502477188
44,0.794136639,0.502477188
44.5,0.784198284,0.512414932
45,0.799105816,0.512414932
45.5,0.804074993,0.512414932
46,0.789167461,0.517383804
46.5,0.794136639,0.512414932
47,0.784198284,0.517383804
47.5,0.789167461,0.512414932
48,0.799105816,0.50744606
48.5,0.799105816,0.517383804
49,0.799105816,0.517383804
49.5,0.794136639,0.512414932
50,0.799105816,0.512414932
50.5,0.794136639,0.512414932
51,0.80904417,0.532290421
51.5,0.794136639,0.517383804
52,0.799105816,0.527321548
52.5,0.804074993,0.522352676
53,0.804074993,0.522352676
53.5,0.794136639,0.517383804
54,0.804074993,0.527321548
54.5,0.804074993,0.527321548
55,0.814013348,0.532290421
55.5,0.804074993,0.537259293
56,0.80904417,0.532290421
56.5,0.80904417,0.532290421
57,0.80904417,0.522352676
57.5,0.814013348,0.522352676
58,0.80904417,0.522352676
58.5,0.814013348,0.537259293
59,0.80904417,0.527321548
59.5,0.80904417,0.532290421
60,0.814013348,0.532290421
60.5,0.80904417,0.537259293
61,0.814013348,0.537259293
61.5,0.804074993,0.542228165
62,0.80904417,0.527321548
62.5,0.799105816,0.527321548
63,0.818982525,0.532290421
63.5,0.814013348,0.547197037
64,0.814013348,0.547197037
64.5,0.804074993,0.537259293
65,0.818982525,0.547197037
65.5,0.80904417,0.542228165
66,0.818982525,0.537259293
66.5,0.80904417,0.542228165
67,0.823951702,0.552165909
67.5,0.823951702,0.557134781
68,0.814013348,0.542228165
68.5,0.818982525,0.547197037
69,0.814013348,0.542228165
69.5,0.814013348,0.542228165
70,0.814013348,0.552165909
70.5,0.818982525,0.552165909
71,0.823951702,0.552165909
71.5,0.818982525,0.552165909
72,0.818982525,0.552165909
72.5,0.828920879,0.557134781
73,0.828920879,0.562103653
73.5,0.828920879,0.557134781
74,0.828920879,0.557134781
74.5,0.818982525,0.552165909
75,0.818982525,0.542228165
75.5,0.823951702,0.552165909
76,0.814013348,0.557134781
76.5,0.818982525,0.557134781
77,0.814013348,0.547197037
77.5,0.823951702,0.557134781
78,0.823951702,0.557134781
78.5,0.823951702,0.567072525
79,0.823951702,0.562103653
79.5,0.818982525,0.562103653
80,0.823951702,0.567072525
80.5,0.828920879,0.567072525
81,0.833890057,0.567072525
81.5,0.823951702,0.562103653
82,0.833890057,0.567072525
82.5,0.818982525,0.552165909
83,0.823951702,0.567072525
83.5,0.823951702,0.567072525
84,0.838859234,0.572041397
84.5,0.828920879,0.572041397
85,0.833890057,0.567072525
85.5,0.833890057,0.567072525
86,0.843828411,0.577010269
86.5,0.823951702,0.572041397
87,0.818982525,0.562103653
87.5,0.833890057,0.567072525
88,0.833890057,0.572041397
88.5,0.823951702,0.572041397
89,0.828920879,0.567072525
89.5,0.833890057,0.581979141
90,0.828920879,0.572041397
90.5,0.833890057,0.572041397
91,0.828920879,0.567072525
91.5,0.823951702,0.562103653
92,0.828920879,0.577010269
92.5,0.833890057,0.572041397
93,0.833890057,0.581979141
93.5,0.828920879,0.572041397
94,0.833890057,0.581979141
94.5,0.828920879,0.581979141
95,0.838859234,0.577010269
95.5,0.843828411,0.577010269
96,0.833890057,0.577010269
96.5,0.838859234,0.581979141
97,0.833890057,0.581979141
97.5,0.833890057,0.572041397
98,0.828920879,0.577010269
98.5,0.833890057,0.577010269
99,0.838859234,0.567072525
99.5,0.838859234,0.577010269
100,0.823951702,0.567072525
100.5,0.838859234,0.577010269
101,0.828920879,0.577010269
101.5,0.838859234,0.581979141
102,0.833890057,0.581979141
102.5,0.833890057,0.586948013
103,0.838859234,0.581979141
103.5,0.843828411,0.586948013
104,0.838859234,0.581979141
104.5,0.838859234,0.591916885
105,0.838859234,0.591916885
105.5,0.838859234,0.586948013
106,0.843828411,0.60185463
106.5,0.838859234,0.586948013
107,0.843828411,0.591916885
107.5,0.838859234,0.586948013
108,0.843828411,0.591916885
108.5,0.838859234,0.581979141
109,0.833890057,0.577010269
109.5,0.843828411,0.586948013
110,0.838859234,0.581979141
110.5,0.843828411,0.591916885
111,0.843828411,0.591916885
111.5,0.853766766,0.596885757
112,0.843828411,0.591916885
112.5,0.858735943,0.596885757
113,0.848797588,0.581979141
113.5,0.843828411,0.586948013
114,0.848797588,0.60185463
114.5,0.843828411,0.596885757
115,0.843828411,0.596885757
115.5,0.848797588,0.596885757
116,0.853766766,0.60185463
116.5,0.853766766,0.596885757
117,0.853766766,0.596885757
117.5,0.843828411,0.596885757
118,0.848797588,0.596885757
118.5,0.843828411,0.60185463
119,0.843828411,0.60185463
119.5,0.858735943,0.60185463
120,0.858735943,0.60185463
120.5,0.848797588,0.60185463
121,0.853766766,0.606823502
121.5,0.848797588,0.60185463
122,0.848797588,0.606823502
122.5,0.853766766,0.606823502
123,0.848797588,0.606823502
123.5,0.858735943,0.616761246
124,0.838859234,0.606823502
124.5,0.843828411,0.606823502
125,0.848797588,0.616761246
125.5,0.858735943,0.606823502
126,0.848797588,0.60185463
126.5,0.838859234,0.596885757
127,0.848797588,0.60185463
127.5,0.853766766,0.616761246
128,0.858735943,0.611792374
128.5,0.858735943,0.616761246
129,0.848797588,0.611792374
129.5,0.848797588,0.606823502
130,0.858735943,0.606823502
130.5,0.858735943,0.611792374
131,0.858735943,0.616761246
131.5,0.858735943,0.621730118
132,0.858735943,0.621730118
132.5,0.853766766,0.611792374
133,0.86370512,0.616761246
133.5,0.868674297,0.62669899
134,0.868674297,0.621730118
134.5,0.868674297,0.631667862
135,0.858735943,0.621730118
135.5,0.868674297,0.62669899
136,0.86370512,0.62669899
136.5,0.868674297,0.631667862
137,0.858735943,0.62669899
137.5,0.86370512,0.62669899
138,0.858735943,0.62669899
138.5,0.848797588,0.62669899
139,0.858735943,0.621730118
139.5,0.858735943,0.621730118
140,0.868674297,0.631667862
140.5,0.86370512,0.621730118
141,0.86370512,0.621730118
141.5,0.858735943,0.62669899
142,0.858735943,0.621730118
142.5,0.858735943,0.631667862
143,0.86370512,0.631667862
143.5,0.86370512,0.631667862
144,0.858735943,0.62669899
144.5,0.873643475,0.636636734
145,0.858735943,0.62669899
145.5,0.868674297,0.631667862
146,0.868674297,0.631667862
146.5,0.86370512,0.621730118
147,0.86370512,0.631667862
147.5,0.86370512,0.636636734
148,0.868674297,0.631667862
148.5,0.86370512,0.636636734
149,0.873643475,0.641605606
149.5,0.868674297,0.636636734
150,0.868674297,0.631667862
150.5,0.868674297,0.641605606
151,0.868674297,0.641605606
151.5,0.86370512,0.636636734
152,0.873643475,0.641605606
152.5,0.868674297,0.641605606
153,0.868674297,0.636636734
153.5,0.868674297,0.631667862
154,0.868674297,0.641605606
154.5,0.873643475,0.641605606
155,0.868674297,0.636636734
155.5,0.868674297,0.65154335
156,0.873643475,0.641605606
156.5,0.873643475,0.636636734
157,0.868674297,0.62669899
157.5,0.868674297,0.636636734
158,0.878612652,0.646574478
158.5,0.868674297,0.641605606
159,0.878612652,0.641605606
159.5,0.873643475,0.646574478
160,0.873643475,0.641605606
160.5,0.878612652,0.65154335
161,0.868674297,0.641605606
161.5,0.873643475,0.646574478
162,0.873643475,0.646574478
162.5,0.883581829,0.656512222
163,0.883581829,0.646574478
163.5,0.878612652,0.656512222
164,0.873643475,0.65154335
164.5,0.873643475,0.656512222
165,0.878612652,0.65154335
165.5,0.878612652,0.65154335
166,0.878612652,0.656512222
166.5,0.883581829,0.646574478
167,0.883581829,0.65154335
167.5,0.873643475,0.65154335
168,0.868674297,0.646574478
168.5,0.878612652,0.646574478
169,0.883581829,0.656512222
169.5,0.878612652,0.65154335
170,0.883581829,0.661481094
170.5,0.888551006,0.661481094
171,0.883581829,0.65154335
171.5,0.873643475,0.656512222
172,0.883581829,0.656512222
172.5,0.883581829,0.656512222
173,0.878612652,0.65154335
173.5,0.883581829,0.656512222
174,0.893520184,0.666449966
174.5,0.888551006,0.661481094
175,0.888551006,0.656512222
175.5,0.888551006,0.656512222
176,0.888551006,0.661481094
176.5,0.883581829,0.656512222
177,0.878612652,0.656512222
177.5,0.883581829,0.661481094
178,0.883581829,0.65154335
178.5,0.888551006,0.661481094
179,0.888551006,0.661481094
179.5,0.893520184,0.661481094
180,0.888551006,0.666449966
180.5,0.883581829,0.661481094
181,0.888551006,0.671418839
181.5,0.888551006,0.661481094
182,0.893520184,0.666449966
182.5,0.893520184,0.661481094
183,0.893520184,0.671418839
183.5,0.888551006,0.666449966
184,0.888551006,0.666449966
184.5,0.888551006,0.666449966
185,0.893520184,0.666449966
185.5,0.898489361,0.661481094
186,0.893520184,0.661481094
186.5,0.883581829,0.666449966
187,0.893520184,0.671418839
187.5,0.888551006,0.671418839
188,0.893520184,0.666449966
188.5,0.893520184,0.666449966
189,0.888551006,0.666449966
189.5,0.898489361,0.671418839
190,0.893520184,0.661481094
190.5,0.898489361,0.666449966
191,0.898489361,0.666449966
191.5,0.883581829,0.676387711
192,0.903458538,0.686325455
192.5,0.888551006,0.686325455
193,0.888551006,0.671418839
193.5,0.898489361,0.676387711
194,0.893520184,0.676387711
194.5,0.893520184,0.676387711
195,0.893520184,0.671418839
195.5,0.898489361,0.676387711
196,0.903458538,0.681356583
196.5,0.893520184,0.676387711
197,0.898489361,0.681356583
197.5,0.903458538,0.686325455
198,0.903458538,0.691294327
198.5,0.898489361,0.676387711
199,0.893520184,0.681356583
199.5,0.898489361,0.691294327
200,0.893520184,0.676387711
200.5,0.898489361,0.686325455
201,0.903458538,0.691294327
201.5,0.898489361,0.681356583
202,0.893520184,0.676387711
202.5,0.903458538,0.686325455
203,0.898489361,0.686325455
203.5,0.903458538,0.681356583
204,0.903458538,0.681356583
204.5,0.903458538,0.676387711
205,0.903458538,0.686325455
205.5,0.903458538,0.686325455
206,0.903458538,0.691294327
206.5,0.898489361,0.691294327
207,0.898489361,0.691294327
207.5,0.903458538,0.691294327
208,0.903458538,0.681356583
208.5,0.908427715,0.696263199
209,0.903458538,0.691294327
209.5,0.913396893,0.696263199
210,0.908427715,0.691294327
210.5,0.903458538,0.691294327
211,0.913396893,0.691294327
211.5,0.903458538,0.696263199
212,0.908427715,0.696263199
212.5,0.913396893,0.696263199
213,0.903458538,0.696263199
213.5,0.91836607,0.701232071
214,0.913396893,0.701232071
214.5,0.903458538,0.691294327
215,0.908427715,0.696263199
215.5,0.903458538,0.691294327
216,0.903458538,0.701232071
216.5,0.913396893,0.691294327
217,0.908427715,0.696263199
217.5,0.913396893,0.701232071
218,0.913396893,0.691294327
218.5,0.913396893,0.701232071
219,0.913396893,0.701232071
219.5,0.913396893,0.696263199
220,0.913396893,0.701232071
220.5,0.91836607,0.706200943
221,0.913396893,0.701232071
221.5,0.913396893,0.711169815
222,0.91836607,0.706200943
222.5,0.923335247,0.711169815
223,0.91836607,0.706200943
223.5,0.908427715,0.691294327
224,0.923335247,0.711169815
224.5,0.913396893,0.701232071
225,0.913396893,0.706200943
225.5,0.91836607,0.701232071
226,0.91836607,0.711169815
226.5,0.91836607,0.706200943
227,0.913396893,0.706200943
227.5,0.908427715,0.706200943
228,0.923335247,0.706200943
228.5,0.91836607,0.711169815
229,0.928304424,0.716138687
229.5,0.91836607,0.711169815
230,0.923335247,0.721107559
230.5,0.908427715,0.701232071
231,0.91836607,0.706200943
231.5,0.91836607,0.706200943
232,0.913396893,0.706200943
232.5,0.91836607,0.716138687
233,0.923335247,0.711169815
233.5,0.91836607,0.711169815
234,0.913396893,0.706200943
234.5,0.91836607,0.711169815
235,0.928304424,0.711169815
235.5,0.91836607,0.711169815
236,0.91836607,0.706200943
236.5,0.923335247,0.706200943
237,0.91836607,0.716138687
237.5,0.923335247,0.716138687
238,0.923335247,0.711169815
238.5,0.923335247,0.716138687
239,0.91836607,0.716138687
239.5,0.923335247,0.721107559
240,0.928304424,0.721107559
240.5,0.928304424,0.726076431
241,0.928304424,0.726076431
241.5,0.928304424,0.731045303
242,0.938242779,0.726076431
242.5,0.923335247,0.716138687
243,0.91836607,0.716138687
243.5,0.928304424,0.731045303
244,0.933273602,0.736014175
244.5,0.928304424,0.721107559
245,0.933273602,0.731045303
245.5,0.938242779,0.731045303
246,0.928304424,0.726076431
246.5,0.928304424,0.721107559
247,0.928304424,0.726076431
247.5,0.923335247,0.731045303
248,0.928304424,0.721107559
248.5,0.933273602,0.731045303
249,0.933273602,0.740983047
249.5,0.938242779,0.740983047
250,0.933273602,0.731045303
250.5,0.933273602,0.731045303
251,0.928304424,0.726076431
251.5,0.938242779,0.740983047
252,0.933273602,0.731045303
252.5,0.928304424,0.731045303
253,0.928304424,0.740983047
253.5,0.933273602,0.740983047
254,0.933273602,0.740983047
254.5,0.933273602,0.731045303
255,0.933273602,0.74595192
255.5,0.933273602,0.736014175
256,0.933273602,0.731045303
256.5,0.933273602,0.740983047
257,0.933273602,0.74595192
257.5,0.933273602,0.736014175
258,0.933273602,0.731045303
258.5,0.943211956,0.740983047
259,0.933273602,0.740983047
259.5,0.938242779,0.740983047
260,0.938242779,0.74595192
260.5,0.938242779,0.74595192
261,0.943211956,0.740983047
261.5,0.938242779,0.74595192
262,0.933273602,0.740983047
262.5,0.933273602,0.740983047
263,0.943211956,0.740983047
263.5,0.943211956,0.74595192
264,0.938242779,0.755889664
264.5,0.948181133,0.750920792
265,0.933273602,0.740983047
265.5,0.943211956,0.755889664
266,0.938242779,0.755889664
266.5,0.943211956,0.74595192
267,0.938242779,0.750920792
267.5,0.933273602,0.750920792
268,0.943211956,0.750920792
268.5,0.943211956,0.755889664
269,0.943211956,0.750920792
269.5,0.943211956,0.750920792
270,0.938242779,0.750920792
270.5,0.943211956,0.755889664
271,0.933273602,0.74595192
271.5,0.948181133,0.755889664
272,0.943211956,0.755889664
272.5,0.943211956,0.755889664
273,0.948181133,0.755889664
273.5,0.948181133,0.755889664
274,0.943211956,0.755889664
274.5,0.948181133,0.760858536
275,0.958119488,0.77079628
275.5,0.943211956,0.750920792
276,0.948181133,0.765827408
276.5,0.948181133,0.760858536
277,0.948181133,0.760858536
277.5,0.953150311,0.760858536
278,0.948181133,0.760858536
278.5,0.948181133,0.760858536
279,0.953150311,0.755889664
279.5,0.963088665,0.77079628
280,0.943211956,0.760858536
280.5,0.948181133,0.760858536
281,0.953150311,0.765827408
281.5,0.948181133,0.755889664
282,0.948181133,0.765827408
282.5,0.948181133,0.765827408
283,0.943211956,0.760858536
283.5,0.953150311,0.765827408
284,0.953150311,0.77079628
284.5,0.953150311,0.760858536
285,0.953150311,0.760858536
285.5,0.948181133,0.755889664
286,0.953150311,0.77079628
286.5,0.953150311,0.765827408
287,0.958119488,0.775765152
287.5,0.953150311,0.760858536
288,0.958119488,0.765827408
288.5,0.953150311,0.755889664
289,0.953150311,0.765827408
289.5,0.963088665,0.77079628
290,0.963088665,0.77079628
290.5,0.958119488,0.765827408
291,0.953150311,0.765827408
291.5,0.953150311,0.77079628
292,0.968057842,0.775765152
292.5,0.963088665,0.765827408
293,0.963088665,0.77079628
293.5,0.953150311,0.755889664
294,0.958119488,0.77079628
294.5,0.958119488,0.765827408
295,0.963088665,0.775765152
295.5,0.963088665,0.775765152
296,0.963088665,0.775765152
296.5,0.968057842,0.780734024
297,0.958119488,0.765827408
297.5,0.963088665,0.775765152
298,0.953150311,0.760858536
298.5,0.97302702,0.790671768
299,0.968057842,0.785702896
299.5,0.968057842,0.790671768
300,0.968057842,0.780734024
300.5,0.963088665,0.785702896
301,0.97302702,0.775765152
301.5,0.963088665,0.780734024
302,0.97302702,0.785702896
302.5,0.97302702,0.780734024
303,0.968057842,0.780734024
303.5,0.963088665,0.785702896
304,0.968057842,0.785702896
304.5,0.977996197,0.79564064
305,0.963088665,0.785702896
305.5,0.97302702,0.790671768
306,0.963088665,0.780734024
306.5,0.977996197,0.785702896
307,0.97302702,0.785702896
307.5,0.968057842,0.785702896
308,0.968057842,0.785702896
308.5,0.968057842,0.790671768
309,0.968057842,0.790671768
309.5,0.968057842,0.785702896
310,0.958119488,0.785702896
310.5,0.968057842,0.785702896
311,0.97302702,0.785702896
311.5,0.968057842,0.79564064
312,0.968057842,0.790671768
312.5,0.968057842,0.785702896
313,0.968057842,0.790671768
313.5,0.968057842,0.790671768
314,0.977996197,0.79564064
314.5,0.97302702,0.785702896
315,0.97302702,0.79564064
315.5,0.97302702,0.785702896
316,0.97302702,0.790671768
316.5,0.968057842,0.790671768
317,0.97302702,0.790671768
317.5,0.968057842,0.785702896
318,0.977996197,0.800609512
318.5,0.97302702,0.790671768
319,0.97302702,0.790671768
319.5,0.97302702,0.790671768
320,0.982965374,0.79564064
320.5,0.977996197,0.79564064
321,0.982965374,0.79564064
321.5,0.977996197,0.800609512
322,0.968057842,0.790671768
322.5,0.97302702,0.790671768
323,0.977996197,0.800609512
323.5,0.977996197,0.800609512
324,0.977996197,0.805578384
324.5,0.977996197,0.79564064
325,0.987934551,0.805578384
325.5,0.987934551,0.805578384
326,0.982965374,0.79564064
326.5,0.97302702,0.79564064
327,0.982965374,0.810547256
327.5,0.992903728,0.810547256
328,0.977996197,0.79564064
328.5,0.977996197,0.800609512
329,0.982965374,0.805578384
329.5,0.982965374,0.805578384
330,0.987934551,0.805578384
330.5,0.992903728,0.815516129
331,0.982965374,0.805578384
331.5,0.982965374,0.800609512
332,0.977996197,0.805578384
332.5,0.987934551,0.805578384
333,0.987934551,0.815516129
333.5,0.977996197,0.805578384
334,0.982965374,0.810547256
334.5,0.992903728,0.810547256
335,0.982965374,0.800609512
335.5,0.992903728,0.815516129
336,0.987934551,0.815516129
336.5,0.987934551,0.815516129
337,0.987934551,0.815516129
337.5,0.982965374,0.805578384
338,0.987934551,0.820485001
338.5,0.992903728,0.820485001
339,0.982965374,0.810547256
339.5,0.987934551,0.815516129
340,0.992903728,0.815516129
340.5,0.992903728,0.815516129
341,0.992903728,0.810547256
341.5,0.987934551,0.820485001
342,0.992903728,0.815516129
342.5,0.997872906,0.815516129
343,0.987934551,0.815516129
343.5,0.992903728,0.820485001
344,0.992903728,0.820485001
344.5,0.992903728,0.825453873
345,0.992903728,0.825453873
345.5,0.997872906,0.825453873
346,0.997872906,0.830422745
346.5,0.992903728,0.815516129
347,0.997872906,0.835391617
347.5,0.992903728,0.820485001
348,0.997872906,0.815516129
348.5,0.992903728,0.815516129
349,1.00781126,0.825453873
349.5,0.987934551,0.815516129
350,0.992903728,0.820485001
350.5,0.997872906,0.825453873
351,0.987934551,0.815516129
351.5,0.992903728,0.825453873
352,0.982965374,0.825453873
352.5,0.992903728,0.830422745
353,0.992903728,0.830422745
353.5,0.992903728,0.820485001
354,0.992903728,0.830422745
354.5,0.987934551,0.820485001
355,0.997872906,0.830422745
355.5,0.997872906,0.840360489
356,0.997872906,0.825453873
356.5,0.997872906,0.825453873
357,0.997872906,0.835391617
357.5,1.002842083,0.835391617
358,1.002842083,0.830422745
358.5,0.992903728,0.825453873
359,1.002842083,0.835391617
359.5,1.002842083,0.835391617
360,0.997872906,0.835391617
360.5,1.002842083,0.840360489
361,1.002842083,0.835391617
361.5,0.997872906,0.840360489
362,0.997872906,0.830422745
362.5,0.997872906,0.835391617
363,0.997872906,0.830422745
363.5,1.00781126,0.840360489
364,1.00781126,0.840360489
364.5,1.00781126,0.840360489
365,1.002842083,0.845329361
365.5,1.012780437,0.850298233
366,1.012780437,0.835391617
366.5,1.002842083,0.840360489
367,0.997872906,0.830422745
367.5,1.00781126,0.840360489
368,1.00781126,0.840360489
368.5,1.00781126,0.850298233
369,1.012780437,0.835391617
369.5,1.00781126,0.850298233
370,1.002842083,0.840360489
370.5,1.00781126,0.845329361
371,1.012780437,0.845329361
371.5,1.012780437,0.845329361
372,1.012780437,0.840360489
372.5,0.997872906,0.840360489
373,1.00781126,0.845329361
373.5,1.012780437,0.845329361
374,1.017749615,0.855267105
374.5,1.00781126,0.850298233
375,1.012780437,0.850298233
375.5,1.012780437,0.845329361
376,1.017749615,0.860235977
376.5,1.00781126,0.850298233
377,1.00781126,0.850298233
377.5,1.012780437,0.855267105
378,1.002842083,0.845329361
378.5,1.00781126,0.840360489
379,1.00781126,0.845329361
379.5,1.022718792,0.865204849
380,1.017749615,0.860235977
380.5,1.012780437,0.850298233
381,1.017749615,0.855267105
381.5,1.017749615,0.850298233
382,1.017749615,0.860235977
382.5,1.00781126,0.855267105
383,1.017749615,0.845329361
383.5,1.017749615,0.860235977
384,1.00781126,0.845329361
384.5,1.012780437,0.860235977
385,1.00781126,0.855267105
385.5,1.022718792,0.855267105
386,1.012780437,0.855267105
386.5,1.017749615,0.850298233
387,1.017749615,0.855267105
387.5,1.017749615,0.860235977
388,1.022718792,0.850298233
388.5,1.027687969,0.870173721
389,1.027687969,0.855267105
389.5,1.017749615,0.855267105
390,1.017749615,0.860235977
390.5,1.022718792,0.855267105
391,1.017749615,0.860235977
391.5,1.017749615,0.855267105
392,1.012780437,0.850298233
392.5,1.022718792,0.865204849
393,1.022718792,0.860235977
393.5,1.022718792,0.860235977
394,1.012780437,0.865204849
394.5,1.017749615,0.860235977
395,1.022718792,0.860235977
395.5,1.022718792,0.865204849
396,1.022718792,0.870173721
396.5,1.022718792,0.865204849
397,1.027687969,0.865204849
397.5,1.027687969,0.870173721
398,1.027687969,0.870173721
398.5,1.027687969,0.870173721
399,1.017749615,0.860235977
399.5,1.022718792,0.860235977
400,1.032657146,0.875142593
400.5,1.027687969,0.875142593
401,1.027687969,0.860235977
401.5,1.022718792,0.865204849
402,1.022718792,0.860235977
402.5,1.022718792,0.865204849
403,1.027687969,0.870173721
403.5,1.027687969,0.870173721
404,1.022718792,0.860235977
404.5,1.017749615,0.860235977
405,1.032657146,0.870173721
405.5,1.027687969,0.875142593
406,1.032657146,0.870173721
406.5,1.027687969,0.875142593
407,1.027687969,0.870173721
407.5,1.027687969,0.875142593
408,1.022718792,0.865204849
408.5,1.022718792,0.880111465
409,1.027687969,0.870173721
409.5,1.017749615,0.865204849
410,1.027687969,0.860235977
410.5,1.032657146,0.875142593
411,1.032657146,0.875142593
411.5,1.022718792,0.865204849
412,1.022718792,0.870173721
412.5,1.022718792,0.865204849
413,1.032657146,0.880111465
413.5,1.032657146,0.880111465
414,1.037626324,0.875142593
414.5,1.037626324,0.885080338
415,1.032657146,0.880111465
415.5,1.032657146,0.880111465
416,1.037626324,0.89004921
416.5,1.037626324,0.885080338
417,1.042595501,0.885080338
417.5,1.037626324,0.880111465
418,1.032657146,0.895018082
418.5,1.032657146,0.885080338
419,1.037626324,0.880111465
419.5,1.032657146,0.875142593
420,1.032657146,0.880111465
420.5,1.032657146,0.880111465
421,1.042595501,0.885080338
421.5,1.037626324,0.880111465
422,1.032657146,0.880111465
422.5,1.032657146,0.885080338
423,1.037626324,0.895018082
423.5,1.032657146,0.885080338
424,1.047564678,0.89004921
424.5,1.037626324,0.89004921
425,1.032657146,0.885080338
425.5,1.027687969,0.885080338
426,1.042595501,0.895018082
426.5,1.042595501,0.89004921
427,1.032657146,0.89004921
427.5,1.042595501,0.885080338
428,1.052533855,0.89004921
428.5,1.042595501,0.885080338
429,1.037626324,0.89004921
429.5,1.047564678,0.895018082
430,1.037626324,0.89004921
430.5,1.037626324,0.885080338
431,1.037626324,0.89004921
431.5,1.037626324,0.895018082
432,1.032657146,0.885080338
432.5,1.047564678,0.895018082
433,1.037626324,0.895018082
433.5,1.047564678,0.904955826
434,1.042595501,0.899986954
434.5,1.047564678,0.904955826
435,1.047564678,0.899986954
435.5,1.042595501,0.899986954
436,1.047564678,0.895018082
436.5,1.037626324,0.89004921
437,1.047564678,0.904955826
437.5,1.047564678,0.899986954
438,1.047564678,0.899986954
438.5,1.042595501,0.899986954
439,1.047564678,0.904955826
439.5,1.042595501,0.899986954
440,1.052533855,0.904955826
440.5,1.042595501,0.904955826
441,1.042595501,0.904955826
441.5,1.042595501,0.899986954
442,1.047564678,0.904955826
442.5,1.037626324,0.895018082
443,1.047564678,0.904955826
443.5,1.057503033,0.904955826
444,1.047564678,0.909924698
444.5,1.052533855,0.909924698
445,1.052533855,0.899986954
445.5,1.052533855,0.904955826
446,1.057503033,0.91489357
446.5,1.042595501,0.899986954
447,1.052533855,0.899986954
447.5,1.052533855,0.909924698
448,1.057503033,0.909924698
448.5,1.042595501,0.904955826
449,1.057503033,0.91489357
449.5,1.057503033,0.909924698
450,1.06247221,0.91489357
450.5,1.057503033,0.909924698
451,1.047564678,0.909924698
451.5,1.047564678,0.909924698
452,1.067441387,0.91489357
452.5,1.052533855,0.91489357
453,1.052533855,0.91489357
453.5,1.052533855,0.91489357
454,1.06247221,0.919862442
454.5,1.057503033,0.91489357
455,1.057503033,0.909924698
455.5,1.06247221,0.909924698
456,1.052533855,0.909924698
456.5,1.06247221,0.919862442
457,1.06247221,0.91489357
457.5,1.057503033,0.919862442
458,1.067441387,0.919862442
458.5,1.067441387,0.924831314
459,1.06247221,0.919862442
459.5,1.06247221,0.919862442
460,1.06247221,0.91489357
460.5,1.06247221,0.924831314
461,1.057503033,0.924831314
461.5,1.06247221,0.924831314
462,1.06247221,0.929800186
462.5,1.072410564,0.929800186
463,1.06247221,0.924831314
463.5,1.072410564,0.924831314
464,1.06247221,0.91489357
464.5,1.06247221,0.919862442
465,1.06247221,0.919862442
465.5,1.057503033,0.91489357
466,1.072410564,0.924831314
466.5,1.072410564,0.929800186
467,1.06247221,0.924831314
467.5,1.06247221,0.919862442
468,1.06247221,0.919862442
468.5,1.06247221,0.929800186
469,1.06247221,0.929800186
469.5,1.057503033,0.929800186
470,1.072410564,0.924831314
470.5,1.06247221,0.934769058
471,1.077379742,0.924831314
471.5,1.072410564,0.934769058
472,1.067441387,0.934769058
472.5,1.072410564,0.934769058
473,1.072410564,0.93973793
473.5,1.067441387,0.929800186
474,1.077379742,0.934769058
474.5,1.067441387,0.934769058
475,1.072410564,0.934769058
475.5,1.077379742,0.934769058
476,1.072410564,0.934769058
476.5,1.067441387,0.929800186
477,1.072410564,0.934769058
477.5,1.072410564,0.934769058
478,1.067441387,0.934769058
478.5,1.067441387,0.929800186
479,1.082348919,0.944706802
479.5,1.072410564,0.934769058
480,1.072410564,0.93973793
480.5,1.072410564,0.934769058
481,1.072410564,0.934769058
481.5,1.067441387,0.934769058
482,1.072410564,0.934769058
482.5,1.077379742,0.934769058
483,1.072410564,0.944706802
483.5,1.082348919,0.949675674
484,1.077379742,0.934769058
484.5,1.077379742,0.934769058
485,1.077379742,0.944706802
485.5,1.072410564,0.944706802
486,1.087318096,0.944706802
486.5,1.077379742,0.93973793
487,1.077379742,0.944706802
487.5,1.072410564,0.944706802
488,1.077379742,0.934769058
488.5,1.077379742,0.949675674
489,1.082348919,0.934769058
489.5,1.077379742,0.934769058
490,1.082348919,0.929800186
490.5,1.082348919,0.934769058
491,1.092287273,0.954644547
491.5,1.072410564,0.944706802
492,1.072410564,0.929800186
492.5,1.077379742,0.934769058
493,1.092287273,0.944706802
493.5,1.082348919,0.944706802
494,1.077379742,0.934769058
494.5,1.077379742,0.93973793
495,1.082348919,0.944706802
495.5,1.087318096,0.93973793
496,1.087318096,0.944706802
496.5,1.087318096,0.944706802
497,1.077379742,0.934769058
497.5,1.082348919,0.944706802
498,1.077379742,0.93973793
498.5,1.092287273,0.944706802
499,1.087318096,0.944706802
499.5,1.087318096,0.944706802
500,1.092287273,0.944706802
500.5,1.087318096,0.944706802
501,1.087318096,0.949675674
501.5,1.087318096,0.949675674
502,1.087318096,0.949675674
502.5,1.087318096,0.944706802
503,1.092287273,0.949675674
503.5,1.092287273,0.959613419
504,1.087318096,0.954644547
504.5,1.087318096,0.954644547
505,1.092287273,0.944706802
505.5,1.087318096,0.93973793
506,1.092287273,0.954644547
506.5,1.087318096,0.954644547
507,1.087318096,0.949675674
507.5,1.087318096,0.954644547
508,1.087318096,0.944706802
508.5,1.087318096,0.954644547
509,1.092287273,0.949675674
509.5,1.097256451,0.954644547
510,1.107194805,0.964582291
510.5,1.092287273,0.954644547
511,1.092287273,0.959613419
511.5,1.102225628,0.959613419
512,1.092287273,0.949675674
512.5,1.092287273,0.954644547
513,1.087318096,0.954644547
513.5,1.102225628,0.959613419
514,1.087318096,0.954644547
514.5,1.092287273,0.954644547
515,1.092287273,0.954644547
515.5,1.097256451,0.959613419
516,1.097256451,0.954644547
516.5,1.102225628,0.959613419
517,1.087318096,0.954644547
517.5,1.097256451,0.959613419
518,1.107194805,0.974520035
518.5,1.097256451,0.964582291
519,1.107194805,0.964582291
519.5,1.087318096,0.959613419
520,1.102225628,0.969551163
520.5,1.102225628,0.969551163
521,1.102225628,0.964582291
521.5,1.092287273,0.964582291
522,1.097256451,0.964582291
522.5,1.102225628,0.969551163
523,1.102225628,0.974520035
523.5,1.102225628,0.969551163
524,1.102225628,0.959613419
524.5,1.097256451,0.969551163
525,1.102225628,0.964582291
525.5,1.102225628,0.969551163
526,1.087318096,0.959613419
526.5,1.097256451,0.964582291
527,1.097256451,0.964582291
527.5,1.112163982,0.974520035
528,1.102225628,0.969551163
528.5,1.102225628,0.974520035
529,1.097256451,0.959613419
529.5,1.102225628,0.974520035
530,1.107194805,0.969551163
530.5,1.102225628,0.969551163
531,1.097256451,0.964582291
531.5,1.102225628,0.974520035
532,1.107194805,0.969551163
532.5,1.102225628,0.974520035
533,1.112163982,0.979488907
533.5,1.107194805,0.979488907
534,1.102225628,0.974520035
534.5,1.102225628,0.974520035
535,1.102225628,0.979488907
535.5,1.11713316,0.984457779
536,1.102225628,0.969551163
536.5,1.102225628,0.984457779
537,1.107194805,0.979488907
537.5,1.102225628,0.969551163
538,1.107194805,0.974520035
538.5,1.112163982,0.984457779
539,1.097256451,0.974520035
539.5,1.107194805,0.984457779
540,1.102225628,0.974520035
540.5,1.107194805,0.979488907
541,1.107194805,0.974520035
541.5,1.112163982,0.974520035
542,1.112163982,0.984457779
542.5,1.11713316,0.984457779
543,1.112163982,0.979488907
543.5,1.102225628,0.969551163
544,1.102225628,0.984457779
544.5,1.112163982,0.984457779
545,1.11713316,0.984457779
545.5,1.107194805,0.979488907
546,1.11713316,0.989426651
546.5,1.107194805,0.984457779
547,1.112163982,0.984457779
547.5,1.112163982,0.989426651
548,1.107194805,0.979488907
548.5,1.102225628,0.974520035
549,1.112163982,0.979488907
549.5,1.112163982,0.984457779
550,1.112163982,0.974520035
550.5,1.107194805,0.979488907
551,1.107194805,0.984457779
551.5,1.112163982,0.984457779
552,1.122102337,0.994395523
552.5,1.122102337,0.989426651
553,1.127071514,0.994395523
553.5,1.107194805,0.984457779
554,1.11713316,0.999364395
554.5,1.132040691,0.989426651
555,1.107194805,0.979488907
555.5,1.107194805,0.979488907
556,1.122102337,0.989426651
556.5,1.122102337,0.989426651
557,1.11713316,0.989426651
557.5,1.11713316,0.994395523
558,1.112163982,0.984457779
558.5,1.11713316,0.994395523
559,1.122102337,0.999364395
559.5,1.127071514,0.994395523
560,1.107194805,0.989426651
560.5,1.122102337,0.999364395
561,1.11713316,0.989426651
561.5,1.132040691,0.999364395
562,1.127071514,0.999364395
562.5,1.127071514,1.004333267
563,1.112163982,0.999364395
563.5,1.122102337,0.999364395
564,1.122102337,0.994395523
564.5,1.122102337,0.994395523
565,1.122102337,0.999364395
565.5,1.122102337,0.994395523
566,1.127071514,1.004333267
566.5,1.127071514,1.004333267
567,1.122102337,0.994395523
567.5,1.122102337,0.994395523
568,1.11713316,0.999364395
568.5,1.122102337,0.994395523
569,1.122102337,1.004333267
569.5,1.132040691,1.004333267
570,1.127071514,0.999364395
570.5,1.122102337,0.999364395
571,1.122102337,1.004333267
571.5,1.127071514,0.999364395
572,1.132040691,1.009302139
572.5,1.127071514,0.999364395
573,1.122102337,1.004333267
573.5,1.132040691,1.004333267
574,1.132040691,1.009302139
574.5,1.11713316,0.999364395
575,1.137009869,1.004333267
575.5,1.127071514,1.004333267
576,1.137009869,1.014271011
576.5,1.132040691,1.009302139
577,1.127071514,1.004333267
577.5,1.132040691,1.009302139
578,1.127071514,1.009302139
578.5,1.127071514,1.009302139
579,1.137009869,1.004333267
579.5,1.132040691,1.009302139
580,1.127071514,1.009302139
580.5,1.137009869,1.009302139
581,1.132040691,1.009302139
581.5,1.127071514,1.004333267
582,1.137009869,1.014271011
582.5,1.137009869,1.009302139
583,1.127071514,0.994395523
583.5,1.132040691,1.009302139
584,1.141979046,1.009302139
584.5,1.132040691,1.014271011
585,1.127071514,1.004333267
585.5,1.132040691,1.014271011
586,1.141979046,1.014271011
586.5,1.137009869,1.014271011
587,1.132040691,1.019239883
587.5,1.132040691,1.014271011
588,1.122102337,1.014271011
588.5,1.132040691,1.009302139
589,1.1519174,1.024208755
589.5,1.141979046,1.019239883
590,1.141979046,1.024208755
590.5,1.137009869,1.019239883
591,1.141979046,1.019239883
591.5,1.137009869,1.019239883
592,1.141979046,1.019239883
592.5,1.137009869,1.014271011
593,1.137009869,1.019239883
593.5,1.137009869,1.024208755
594,1.141979046,1.024208755
594.5,1.137009869,1.019239883
595,1.146948223,1.024208755
595.5,1.146948223,1.024208755
596,1.141979046,1.029177628
596.5,1.141979046,1.024208755
597,1.141979046,1.024208755
597.5,1.141979046,1.029177628
598,1.141979046,1.024208755
598.5,1.146948223,1.024208755
599,1.146948223,1.0341465
599.5,1.137009869,1.029177628
600,1.146948223,1.024208755
600.5,1.137009869,1.024208755
601,1.137009869,1.029177628
601.5,1.156886578,1.029177628
602,1.146948223,1.024208755
602.5,1.141979046,1.024208755
603,1.1519174,1.0341465
603.5,1.141979046,1.019239883
604,1.1519174,1.0341465
604.5,1.1519174,1.029177628
605,1.1519174,1.0341465
605.5,1.146948223,1.0341465
606,1.1519174,1.0341465
606.5,1.1519174,1.0341465
607,1.146948223,1.029177628
607.5,1.146948223,1.0341465
608,1.146948223,1.0341465
608.5,1.161855755,1.029177628
609,1.141979046,1.0341465
609.5,1.141979046,1.029177628
610,1.1519174,1.039115372
610.5,1.146948223,1.024208755
611,1.141979046,1.029177628
611.5,1.1519174,1.024208755
612,1.156886578,1.0341465
612.5,1.156886578,1.0341465
613,1.1519174,1.0341465
613.5,1.1519174,1.039115372
614,1.1519174,1.0341465
614.5,1.156886578,1.0341465
615,1.156886578,1.039115372
615.5,1.156886578,1.039115372
616,1.166824932,1.039115372
616.5,1.156886578,1.0341465
617,1.1519174,1.0341465
617.5,1.156886578,1.039115372
618,1.156886578,1.0341465
618.5,1.161855755,1.044084244
619,1.1519174,1.044084244
619.5,1.1519174,1.039115372
620,1.161855755,1.044084244
620.5,1.1519174,1.039115372
621,1.156886578,1.044084244
621.5,1.156886578,1.044084244
622,1.156886578,1.039115372
622.5,1.161855755,1.044084244
623,1.166824932,1.05899086
623.5,1.156886578,1.039115372
624,1.1519174,1.0341465
624.5,1.166824932,1.049053116
625,1.161855755,1.049053116
625.5,1.1519174,1.039115372
626,1.161855755,1.044084244
626.5,1.1519174,1.0341465
627,1.171794109,1.049053116
627.5,1.171794109,1.049053116
628,1.161855755,1.049053116
628.5,1.156886578,1.049053116
629,1.161855755,1.049053116
629.5,1.161855755,1.044084244
630,1.156886578,1.049053116
630.5,1.161855755,1.049053116
631,1.171794109,1.054021988
631.5,1.166824932,1.049053116
632,1.161855755,1.039115372
632.5,1.166824932,1.054021988
633,1.161855755,1.049053116
633.5,1.161855755,1.039115372
634,1.156886578,1.044084244
634.5,1.171794109,1.049053116
635,1.166824932,1.05899086
635.5,1.161855755,1.049053116
636,1.156886578,1.049053116
636.5,1.166824932,1.054021988
637,1.166824932,1.049053116
637.5,1.166824932,1.054021988
638,1.166824932,1.049053116
638.5,1.166824932,1.049053116
639,1.166824932,1.054021988
639.5,1.171794109,1.054021988
640,1.166824932,1.054021988
640.5,1.161855755,1.044084244
641,1.166824932,1.054021988
641.5,1.176763287,1.05899086
642,1.176763287,1.05899086
642.5,1.171794109,1.05899086
643,1.166824932,1.054021988
643.5,1.161855755,1.054021988
644,1.181732464,1.063959732
644.5,1.166824932,1.05899086
645,1.166824932,1.05899086
645.5,1.171794109,1.05899086
646,1.176763287,1.054021988
646.5,1.176763287,1.063959732
647,1.171794109,1.063959732
647.5,1.181732464,1.073897476
648,1.166824932,1.05899086
648.5,1.176763287,1.063959732
649,1.176763287,1.068928604
649.5,1.176763287,1.063959732
650,1.171794109,1.05899086
650.5,1.176763287,1.068928604
651,1.171794109,1.063959732
651.5,1.181732464,1.073897476
652,1.181732464,1.073897476
652.5,1.176763287,1.068928604
653,1.171794109,1.068928604
653.5,1.181732464,1.068928604
654,1.176763287,1.073897476
654.5,1.176763287,1.063959732
655,1.176763287,1.073897476
655.5,1.186701641,1.073897476
656,1.181732464,1.068928604
656.5,1.171794109,1.068928604
657,1.176763287,1.068928604
657.5,1.176763287,1.068928604
658,1.176763287,1.068928604
658.5,1.181732464,1.073897476
659,1.176763287,1.05899086
659.5,1.176763287,1.068928604
660,1.181732464,1.063959732
660.5,1.176763287,1.073897476
661,1.186701641,1.068928604
661.5,1.186701641,1.068928604
662,1.176763287,1.068928604
662.5,1.181732464,1.063959732
663,1.186701641,1.068928604
663.5,1.181732464,1.073897476
664,1.181732464,1.073897476
664.5,1.186701641,1.073897476
665,1.181732464,1.073897476
665.5,1.186701641,1.088804092
666,1.176763287,1.068928604
666.5,1.181732464,1.073897476
667,1.191670818,1.078866348
667.5,1.176763287,1.068928604
668,1.186701641,1.073897476
668.5,1.186701641,1.068928604
669,1.186701641,1.078866348
669.5,1.186701641,1.068928604
670,1.181732464,1.073897476
670.5,1.186701641,1.073897476
671,1.186701641,1.088804092
671.5,1.181732464,1.073897476
672,1.186701641,1.073897476
672.5,1.176763287,1.063959732
673,1.181732464,1.073897476
673.5,1.186701641,1.073897476
674,1.196639996,1.078866348
674.5,1.191670818,1.073897476
675,1.186701641,1.073897476
675.5,1.196639996,1.078866348
676,1.186701641,1.073897476
676.5,1.191670818,1.078866348
677,1.186701641,1.073897476
677.5,1.196639996,1.078866348
678,1.191670818,1.08383522
678.5,1.196639996,1.08383522
679,1.196639996,1.08383522
679.5,1.191670818,1.08383522
680,1.196639996,1.088804092
680.5,1.181732464,1.078866348
681,1.186701641,1.078866348
681.5,1.196639996,1.088804092
682,1.201609173,1.08383522
682.5,1.201609173,1.093772964
683,1.191670818,1.078866348
683.5,1.196639996,1.08383522
684,1.201609173,1.08383522
684.5,1.191670818,1.088804092
685,1.196639996,1.08383522
685.5,1.20657835,1.093772964
686,1.196639996,1.078866348
686.5,1.196639996,1.08383522
687,1.196639996,1.123586197
687.5,1.196639996,1.237870255
688,1.20657835,1.272652359
688.5,1.201609173,1.262714615
689,1.201609173,1.272652359
689.5,1.186701641,1.267683487
690,1.201609173,1.272652359
690.5,1.196639996,1.282590103
691,1.211547527,1.297496719
691.5,1.196639996,1.297496719
692,1.196639996,1.307434464
692.5,1.196639996,1.312403336
693,1.196639996,1.337247696
693.5,1.201609173,1.332278824
694,1.196639996,1.327309952
694.5,1.20657835,1.342216568
695,1.201609173,1.352154312
695.5,1.196639996,1.34718544
696,1.196639996,1.357123184
696.5,1.196639996,1.362092056
697,1.196639996,1.362092056
697.5,1.201609173,1.3720298
698,1.201609173,1.3720298
698.5,1.201609173,1.367060928
699,1.191670818,1.362092056
699.5,1.201609173,1.381967545
700,1.20657835,1.381967545
700.5,1.201609173,1.381967545
701,1.20657835,1.386936417
701.5,1.20657835,1.386936417
702,1.201609173,1.381967545
702.5,1.211547527,1.401843033
703,1.201609173,1.391905289
703.5,1.20657835,1.386936417
704,1.20657835,1.391905289
704.5,1.221485882,1.406811905
705,1.20657835,1.391905289
705.5,1.201609173,1.391905289
706,1.20657835,1.386936417
706.5,1.211547527,1.396874161
707,1.20657835,1.396874161
707.5,1.20657835,1.386936417
708,1.211547527,1.396874161
708.5,1.211547527,1.391905289
709,1.20657835,1.396874161
709.5,1.20657835,1.396874161
710,1.20657835,1.396874161
710.5,1.211547527,1.401843033
711,1.211547527,1.401843033
711.5,1.20657835,1.396874161
712,1.211547527,1.406811905
712.5,1.20657835,1.411780777
713,1.211547527,1.401843033
713.5,1.211547527,1.401843033
714,1.216516705,1.406811905
714.5,1.20657835,1.406811905
715,1.201609173,1.396874161
715.5,1.20657835,1.406811905
716,1.201609173,1.401843033
716.5,1.211547527,1.406811905
717,1.216516705,1.416749649
717.5,1.211547527,1.411780777
718,1.221485882,1.416749649
718.5,1.211547527,1.406811905
719,1.211547527,1.416749649
719.5,1.211547527,1.406811905
720,1.221485882,1.411780777
720.5,1.221485882,1.416749649
721,1.221485882,1.421718521
721.5,1.216516705,1.416749649
722,1.211547527,1.406811905
722.5,1.221485882,1.421718521
723,1.211547527,1.411780777
723.5,1.211547527,1.411780777
724,1.216516705,1.416749649
724.5,1.211547527,1.411780777
725,1.216516705,1.416749649
725.5,1.216516705,1.406811905
726,1.221485882,1.416749649
726.5,1.226455059,1.421718521
727,1.221485882,1.416749649
727.5,1.216516705,1.421718521
728,1.226455059,1.421718521
728.5,1.211547527,1.416749649
729,1.221485882,1.421718521
729.5,1.231424236,1.426687393
730,1.221485882,1.421718521
730.5,1.221485882,1.426687393
731,1.221485882,1.421718521
731.5,1.221485882,1.411780777
732,1.221485882,1.431656265
732.5,1.221485882,1.426687393
733,1.221485882,1.426687393
733.5,1.236393414,1.426687393
734,1.216516705,1.421718521
734.5,1.226455059,1.426687393
735,1.226455059,1.421718521
735.5,1.216516705,1.426687393
736,1.226455059,1.431656265
736.5,1.211547527,1.421718521
737,1.231424236,1.431656265
737.5,1.221485882,1.421718521
738,1.226455059,1.426687393
738.5,1.226455059,1.431656265
739,1.221485882,1.431656265
739.5,1.221485882,1.426687393
740,1.226455059,1.431656265
740.5,1.241362591,1.436625137
741,1.221485882,1.436625137
741.5,1.221485882,1.431656265
742,1.231424236,1.446562881
742.5,1.221485882,1.426687393
743,1.226455059,1.426687393
743.5,1.231424236,1.431656265
744,1.226455059,1.431656265
744.5,1.236393414,1.441594009
745,1.236393414,1.431656265
745.5,1.231424236,1.441594009
746,1.231424236,1.431656265
746.5,1.231424236,1.431656265
747,1.231424236,1.436625137
747.5,1.231424236,1.441594009
749.9744702,1.256270123,1.456500626
750.4744702,1.246331768,1.451531754
750.9744702,1.256270123,1.461469498
751.4744702,1.256270123,1.46643837
751.9744702,1.256270123,1.461469498
752.4744702,1.256270123,1.456500626
752.9744702,1.251300945,1.456500626
753.4744702,1.256270123,1.461469498
753.9744702,1.246331768,1.456500626
754.4744702,1.266208477,1.46643837
754.9744702,1.2612393,1.46643837
755.4744702,1.2612393,1.46643837
755.9744702,1.256270123,1.46643837
756.4744702,1.251300945,1.471407242
756.9744702,1.2612393,1.46643837
757.4744702,1.256270123,1.46643837
757.9744702,1.256270123,1.476376114
758.4744702,1.256270123,1.461469498
758.9744702,1.256270123,1.46643837
759.4744702,1.2612393,1.46643837
759.9744702,1.2612393,1.46643837
760.4744702,1.251300945,1.456500626
760.9744702,1.271177654,1.476376114
761.4744702,1.266208477,1.471407242
761.9744702,1.2612393,1.471407242
762.4744702,1.2612393,1.471407242
762.9744702,1.2612393,1.46643837
763.4744702,1.266208477,1.46643837
763.9744702,1.266208477,1.46643837
764.4744702,1.266208477,1.476376114
764.9744702,1.256270123,1.471407242
765.4744702,1.2612393,1.46643837
765.9744702,1.271177654,1.46643837
766.4744702,1.266208477,1.471407242
766.9744702,1.271177654,1.471407242
767.4744702,1.2612393,1.476376114
767.9744702,1.266208477,1.471407242
768.4744702,1.256270123,1.46643837
768.9744702,1.266208477,1.471407242
769.4744702,1.256270123,1.46643837
769.9744702,1.2612393,1.461469498
770.4744702,1.266208477,1.471407242
770.9744702,1.2612393,1.46643837
771.4744702,1.2612393,1.461469498
771.9744702,1.281116009,1.481344986
772.4744702,1.271177654,1.471407242
772.9744702,1.276146832,1.481344986
773.4744702,1.266208477,1.476376114
773.9744702,1.266208477,1.471407242
774.4744702,1.2612393,1.476376114
774.9744702,1.271177654,1.471407242
775.4744702,1.281116009,1.471407242
775.9744702,1.266208477,1.471407242
776.4744702,1.271177654,1.481344986
776.9744702,1.266208477,1.476376114
777.4744702,1.266208477,1.471407242
777.9744702,1.276146832,1.476376114
778.4744702,1.271177654,1.481344986
778.9744702,1.266208477,1.481344986
779.4744702,1.271177654,1.471407242
779.9744702,1.271177654,1.481344986
780.4744702,1.276146832,1.471407242
780.9744702,1.271177654,1.461469498
781.4744702,1.276146832,1.476376114
781.9744702,1.266208477,1.471407242
782.4744702,1.276146832,1.476376114
782.9744702,1.276146832,1.476376114
783.4744702,1.281116009,1.476376114
783.9744702,1.281116009,1.481344986
784.4744702,1.271177654,1.471407242
784.9744702,1.271177654,1.476376114
785.4744702,1.286085186,1.486313858
785.9744702,1.276146832,1.481344986
786.4744702,1.276146832,1.481344986
786.9744702,1.281116009,1.481344986
787.4744702,1.271177654,1.471407242
787.9744702,1.281116009,1.476376114
788.4744702,1.276146832,1.481344986
788.9744702,1.266208477,1.481344986
789.4744702,1.281116009,1.481344986
789.9744702,1.271177654,1.476376114
790.4744702,1.271177654,1.476376114
790.9744702,1.281116009,1.481344986
791.4744702,1.291054363,1.486313858
791.9744702,1.286085186,1.481344986
792.4744702,1.281116009,1.481344986
792.9744702,1.271177654,1.481344986
793.4744702,1.291054363,1.49128273
793.9744702,1.281116009,1.481344986
794.4744702,1.276146832,1.476376114
794.9744702,1.291054363,1.486313858
795.4744702,1.286085186,1.486313858
795.9744702,1.281116009,1.486313858
796.4744702,1.291054363,1.486313858
796.9744702,1.281116009,1.49128273
797.4744702,1.291054363,1.486313858
797.9744702,1.276146832,1.486313858
798.4744702,1.29602354,1.486313858
798.9744702,1.291054363,1.486313858
799.4744702,1.291054363,1.49128273
799.9744702,1.286085186,1.486313858
800.4744702,1.291054363,1.49128273
800.9744702,1.291054363,1.486313858
801.4744702,1.291054363,1.486313858
801.9744702,1.29602354,1.49128273
802.4744702,1.286085186,1.49128273
802.9744702,1.281116009,1.486313858
803.4744702,1.291054363,1.486313858
803.9744702,1.291054363,1.481344986
804.4744702,1.29602354,1.481344986
804.9744702,1.300992718,1.49128273
805.4744702,1.291054363,1.49128273
805.9744702,1.305961895,1.501220474
806.4744702,1.29602354,1.496251602
806.9744702,1.291054363,1.49128273
807.4744702,1.291054363,1.486313858
807.9744702,1.29602354,1.49128273
808.4744702,1.286085186,1.486313858
808.9744702,1.291054363,1.486313858
809.4744702,1.291054363,1.49128273
809.9744702,1.281116009,1.49128273
810.4744702,1.300992718,1.496251602
810.9744702,1.291054363,1.496251602
811.4744702,1.291054363,1.49128273
811.9744702,1.29602354,1.496251602
812.4744702,1.29602354,1.496251602
812.9744702,1.291054363,1.496251602
813.4744702,1.291054363,1.49128273
813.9744702,1.291054363,1.496251602
814.4744702,1.29602354,1.496251602
814.9744702,1.29602354,1.501220474
815.4744702,1.291054363,1.496251602
815.9744702,1.305961895,1.501220474
816.4744702,1.300992718,1.501220474
816.9744702,1.291054363,1.496251602
817.4744702,1.29602354,1.496251602
817.9744702,1.300992718,1.49128273
818.4744702,1.291054363,1.49128273
818.9744702,1.305961895,1.501220474
819.4744702,1.300992718,1.501220474
819.9744702,1.300992718,1.506189346
820.4744702,1.286085186,1.49128273
820.9744702,1.29602354,1.496251602
821.4744702,1.305961895,1.501220474
821.9744702,1.305961895,1.501220474
822.4744702,1.300992718,1.501220474
822.9744702,1.300992718,1.49128273
823.4744702,1.310931072,1.511158218
823.9744702,1.300992718,1.49128273
824.4744702,1.305961895,1.501220474
824.9744702,1.291054363,1.496251602
825.4744702,1.310931072,1.496251602
825.9744702,1.300992718,1.501220474
826.4744702,1.305961895,1.501220474
826.9744702,1.305961895,1.506189346
827.4744702,1.29602354,1.501220474
827.9744702,1.305961895,1.501220474
828.4744702,1.300992718,1.496251602
828.9744702,1.305961895,1.501220474
829.4744702,1.29602354,1.496251602
829.9744702,1.300992718,1.496251602
830.4744702,1.300992718,1.501220474
830.9744702,1.310931072,1.506189346
831.4744702,1.300992718,1.501220474
831.9744702,1.310931072,1.506189346
832.4744702,1.300992718,1.501220474
832.9744702,1.310931072,1.501220474
833.4744702,1.310931072,1.506189346
833.9744702,1.310931072,1.501220474
834.4744702,1.315900249,1.506189346
834.9744702,1.315900249,1.506189346
835.4744702,1.310931072,1.496251602
835.9744702,1.305961895,1.511158218
836.4744702,1.315900249,1.511158218
836.9744702,1.300992718,1.496251602
837.4744702,1.310931072,1.501220474
837.9744702,1.300992718,1.506189346
838.4744702,1.305961895,1.506189346
838.9744702,1.310931072,1.506189346
839.4744702,1.315900249,1.506189346
839.9744702,1.310931072,1.511158218
840.4744702,1.300992718,1.501220474
840.9744702,1.315900249,1.511158218
841.4744702,1.315900249,1.511158218
841.9744702,1.320869427,1.511158218
842.4744702,1.305961895,1.501220474
842.9744702,1.310931072,1.501220474
843.4744702,1.315900249,1.51612709
843.9744702,1.325838604,1.51612709
844.4744702,1.305961895,1.496251602
844.9744702,1.320869427,1.511158218
845.4744702,1.300992718,1.506189346
845.9744702,1.305961895,1.501220474
846.4744702,1.305961895,1.496251602
846.9744702,1.315900249,1.506189346
847.4744702,1.310931072,1.511158218
847.9744702,1.320869427,1.511158218
848.4744702,1.310931072,1.511158218
848.9744702,1.315900249,1.511158218
849.4744702,1.305961895,1.506189346
849.9744702,1.305961895,1.506189346
850.4744702,1.310931072,1.506189346
850.9744702,1.310931072,1.506189346
851.4744702,1.310931072,1.506189346
851.9744702,1.320869427,1.511158218
852.4744702,1.315900249,1.506189346
852.9744702,1.315900249,1.511158218
853.4744702,1.315900249,1.51612709
853.9744702,1.320869427,1.511158218
854.4744702,1.320869427,1.511158218
854.9744702,1.320869427,1.506189346
855.4744702,1.325838604,1.526064835
855.9744702,1.320869427,1.51612709
856.4744702,1.330807781,1.51612709
856.9744702,1.325838604,1.521095963
857.4744702,1.320869427,1.51612709
857.9744702,1.315900249,1.511158218
858.4744702,1.310931072,1.51612709
858.9744702,1.320869427,1.511158218
859.4744702,1.325838604,1.51612709
859.9744702,1.330807781,1.511158218
860.4744702,1.315900249,1.506189346
860.9744702,1.310931072,1.511158218
861.4744702,1.330807781,1.511158218
861.9744702,1.320869427,1.511158218
862.4744702,1.325838604,1.511158218
862.9744702,1.325838604,1.51612709
863.4744702,1.335776958,1.51612709
863.9744702,1.325838604,1.521095963
864.4744702,1.325838604,1.526064835
864.9744702,1.325838604,1.521095963
865.4744702,1.325838604,1.51612709
865.9744702,1.320869427,1.511158218
866.4744702,1.325838604,1.51612709
866.9744702,1.330807781,1.51612709
867.4744702,1.320869427,1.51612709
867.9744702,1.330807781,1.526064835
868.4744702,1.330807781,1.51612709
868.9744702,1.325838604,1.51612709
869.4744702,1.320869427,1.521095963
869.9744702,1.335776958,1.521095963
870.4744702,1.325838604,1.511158218
870.9744702,1.325838604,1.51612709
871.4744702,1.330807781,1.526064835
871.9744702,1.325838604,1.51612709
872.4744702,1.330807781,1.521095963
872.9744702,1.330807781,1.521095963
873.4744702,1.340746136,1.531033707
873.9744702,1.335776958,1.521095963
874.4744702,1.330807781,1.526064835
874.9744702,1.335776958,1.526064835
875.4744702,1.325838604,1.526064835
875.9744702,1.325838604,1.51612709
876.4744702,1.320869427,1.51612709
876.9744702,1.335776958,1.526064835
877.4744702,1.335776958,1.521095963
877.9744702,1.325838604,1.521095963
878.4744702,1.340746136,1.526064835
878.9744702,1.330807781,1.531033707
879.4744702,1.330807781,1.526064835
879.9744702,1.335776958,1.521095963
880.4744702,1.340746136,1.531033707
880.9744702,1.335776958,1.526064835
881.4744702,1.335776958,1.531033707
881.9744702,1.330807781,1.526064835
882.4744702,1.335776958,1.526064835
882.9744702,1.335776958,1.531033707
883.4744702,1.330807781,1.526064835
883.9744702,1.340746136,1.531033707
884.4744702,1.335776958,1.531033707
884.9744702,1.340746136,1.531033707
885.4744702,1.345715313,1.540971451
885.9744702,1.330807781,1.526064835
886.4744702,1.335776958,1.536002579
886.9744702,1.325838604,1.521095963
887.4744702,1.340746136,1.526064835
887.9744702,1.340746136,1.531033707
888.4744702,1.340746136,1.531033707
888.9744702,1.335776958,1.521095963
889.4744702,1.330807781,1.521095963
889.9744702,1.335776958,1.526064835
890.4744702,1.345715313,1.540971451
890.9744702,1.330807781,1.526064835
891.4744702,1.340746136,1.540971451
891.9744702,1.345715313,1.536002579
892.4744702,1.340746136,1.526064835
892.9744702,1.340746136,1.521095963
893.4744702,1.330807781,1.526064835
893.9744702,1.335776958,1.526064835
894.4744702,1.340746136,1.526064835
894.9744702,1.335776958,1.526064835
895.4744702,1.345715313,1.536002579
895.9744702,1.345715313,1.531033707
896.4744702,1.340746136,1.531033707
896.9744702,1.330807781,1.521095963
897.4744702,1.345715313,1.540971451
897.9744702,1.35068449,1.536002579
898.4744702,1.340746136,1.536002579
898.9744702,1.345715313,1.531033707
899.4744702,1.345715313,1.531033707
899.9744702,1.335776958,1.531033707
900.4744702,1.340746136,1.536002579
900.9744702,1.340746136,1.540971451
901.4744702,1.345715313,1.545940323
901.9744702,1.345715313,1.536002579
902.4744702,1.340746136,1.540971451
902.9744702,1.340746136,1.531033707
903.4744702,1.345715313,1.540971451
903.9744702,1.340746136,1.540971451
904.4744702,1.35068449,1.540971451
904.9744702,1.345715313,1.540971451
905.4744702,1.345715313,1.536002579
905.9744702,1.345715313,1.531033707
906.4744702,1.345715313,1.545940323
906.9744702,1.345715313,1.536002579
907.4744702,1.340746136,1.531033707
907.9744702,1.345715313,1.545940323
908.4744702,1.345715313,1.545940323
908.9744702,1.345715313,1.536002579
909.4744702,1.35068449,1.545940323
909.9744702,1.35068449,1.540971451
910.4744702,1.35068449,1.536002579
910.9744702,1.340746136,1.540971451
911.4744702,1.340746136,1.536002579
911.9744702,1.35068449,1.540971451
912.4744702,1.345715313,1.540971451
912.9744702,1.35068449,1.540971451
913.4744702,1.345715313,1.545940323
913.9744702,1.345715313,1.540971451
914.4744702,1.340746136,1.531033707
914.9744702,1.340746136,1.536002579
915.4744702,1.345715313,1.540971451
915.9744702,1.35068449,1.540971451
916.4744702,1.35068449,1.536002579
916.9744702,1.345715313,1.540971451
917.4744702,1.365592022,1.545940323
917.9744702,1.35068449,1.540971451
918.4744702,1.360622845,1.550909195
918.9744702,1.360622845,1.545940323
919.4744702,1.355653667,1.545940323
919.9744702,1.355653667,1.545940323
920.4744702,1.345715313,1.536002579
920.9744702,1.355653667,1.536002579
921.4744702,1.345715313,1.540971451
921.9744702,1.355653667,1.545940323
922.4744702,1.340746136,1.536002579
922.9744702,1.35068449,1.531033707
923.4744702,1.35068449,1.545940323
923.9744702,1.345715313,1.540971451
924.4744702,1.35068449,1.550909195
924.9744702,1.35068449,1.545940323
925.4744702,1.355653667,1.545940323
925.9744702,1.355653667,1.545940323
926.4744702,1.355653667,1.550909195
926.9744702,1.35068449,1.540971451
927.4744702,1.355653667,1.545940323
927.9744702,1.35068449,1.536002579
928.4744702,1.355653667,1.545940323
928.9744702,1.365592022,1.540971451
929.4744702,1.355653667,1.545940323
929.9744702,1.360622845,1.550909195
930.4744702,1.355653667,1.536002579
930.9744702,1.35068449,1.550909195
931.4744702,1.360622845,1.550909195
931.9744702,1.360622845,1.545940323
932.4744702,1.360622845,1.545940323
932.9744702,1.35068449,1.540971451
933.4744702,1.360622845,1.545940323
933.9744702,1.365592022,1.555878067
934.4744702,1.355653667,1.550909195
934.9744702,1.360622845,1.555878067
935.4744702,1.360622845,1.545940323
935.9744702,1.370561199,1.555878067
936.4744702,1.365592022,1.555878067
936.9744702,1.370561199,1.550909195
937.4744702,1.370561199,1.545940323
937.9744702,1.35068449,1.550909195
938.4744702,1.365592022,1.555878067
938.9744702,1.365592022,1.540971451
939.4744702,1.355653667,1.545940323
939.9744702,1.360622845,1.550909195
940.4744702,1.355653667,1.550909195
940.9744702,1.370561199,1.560846939
941.4744702,1.355653667,1.555878067
941.9744702,1.365592022,1.550909195
942.4744702,1.360622845,1.555878067
942.9744702,1.360622845,1.555878067
943.4744702,1.365592022,1.555878067
943.9744702,1.360622845,1.550909195
944.4744702,1.375530376,1.565815811
944.9744702,1.375530376,1.565815811
945.4744702,1.365592022,1.555878067
945.9744702,1.360622845,1.545940323
946.4744702,1.360622845,1.565815811
946.9744702,1.365592022,1.565815811
947.4744702,1.370561199,1.560846939
947.9744702,1.370561199,1.560846939
948.4744702,1.370561199,1.555878067
948.9744702,1.365592022,1.560846939
949.4744702,1.370561199,1.560846939
949.9744702,1.375530376,1.565815811
950.4744702,1.360622845,1.555878067
950.9744702,1.375530376,1.560846939
951.4744702,1.380499554,1.560846939
951.9744702,1.360622845,1.550909195
952.4744702,1.365592022,1.555878067
952.9744702,1.375530376,1.560846939
953.4744702,1.375530376,1.560846939
953.9744702,1.375530376,1.565815811
954.4744702,1.370561199,1.555878067
954.9744702,1.375530376,1.555878067
955.4744702,1.370561199,1.565815811
955.9744702,1.375530376,1.555878067
956.4744702,1.370561199,1.560846939
956.9744702,1.370561199,1.560846939
957.4744702,1.365592022,1.550909195