t1,ch1,t2,ch2
-15.0,0.01911547660827637,-14.999999875,2.385679702758789
-14.98,0.02110796928405762,-14.979999875,2.4005863189697263
-14.96,0.012141752243041993,-14.959999875000001,2.4303995513916012
-14.94,0.010149259567260743,-14.939999875,2.445306167602539
-14.92,0.011145505905151369,-14.919999875,2.465181655883789
-14.9,0.016126737594604493,-14.899999875,2.485057144165039
-14.88,0.02310046195983887,-14.879999875000001,2.4999637603759766
-14.86,0.016126737594604493,-14.859999875,2.5198392486572265
-14.84,0.010149259567260743,-14.839999875,2.514870376586914
-14.82,0.018119230270385745,-14.819999875,2.5397147369384765
-14.8,0.016126737594604493,-14.799999875000001,2.5297769927978515
-14.780000000000001,0.013137998580932618,-14.779999875000001,2.5297769927978515
-14.76,0.017122983932495117,-14.759999875,2.5446836090087888
-14.74,0.01911547660827637,-14.739999875,2.5496524810791015
-14.72,0.014134244918823244,-14.719999875000001,2.5446836090087888
-14.700000000000001,0.017122983932495117,-14.699999875000001,2.5446836090087888
-14.68,0.012141752243041993,-14.679999875,2.5546213531494137
-14.66,0.012141752243041993,-14.659999875,2.5496524810791015
-14.64,0.015130491256713868,-14.639999875,2.5496524810791015
-14.620000000000001,0.014134244918823244,-14.619999875000001,2.5496524810791015
-14.6,0.01911547660827637,-14.599999875,2.5496524810791015
-14.58,0.011145505905151369,-14.579999875,2.5496524810791015
-14.56,0.012141752243041993,-14.559999875,2.5446836090087888
-14.540000000000001,0.011145505905151369,-14.539999875000001,2.5446836090087888
-14.52,0.006164274215698243,-14.519999875,2.5546213531494137
-14.5,0.018119230270385745,-14.499999875,2.5496524810791015
-14.48,0.013137998580932618,-14.479999875,2.5496524810791015
-14.46,0.010149259567260743,-14.459999875000001,2.5446836090087888
-14.44,0.01911547660827637,-14.439999875,2.5446836090087888
-14.42,0.012141752243041993,-14.419999875,2.5496524810791015
-14.4,0.011145505905151369,-14.399999875,2.5496524810791015
-14.38,0.017122983932495117,-14.379999875000001,2.5496524810791015
-14.36,0.008156766891479494,-14.359999875,2.5397147369384765
-14.34,0.010149259567260743,-14.339999875,2.5397147369384765
-14.32,0.005168027877807618,-14.319999875,2.5496524810791015
-14.3,0.013137998580932618,-14.299999875000001,2.5496524810791015
-14.280000000000001,0.016126737594604493,-14.279999875000001,2.5446836090087888
-14.26,0.01911547660827637,-14.259999875,2.5446836090087888
-14.24,0.017122983932495117,-14.239999875,2.564559097290039
-14.22,0.0320666790008545,-14.219999875000001,2.713625259399414
-14.200000000000001,0.03107043266296387,-14.199999875000001,2.822940444946289
-14.18,0.030074186325073245,-14.179999875,2.8378470611572264
-14.16,0.04003664970397949,-14.159999875,2.763313980102539
-14.14,0.02310046195983887,-14.139999875,2.6689054107666013
-14.120000000000001,0.020111722946166994,-14.119999875000001,2.5695279693603514
-14.1,0.02310046195983887,-14.099999875,2.485057144165039
-14.08,0.02708544731140137,-14.079999875,2.4204618072509763
-14.06,0.018119230270385745,-14.059999875,2.375741958618164
-14.040000000000001,0.018119230270385745,-14.039999875000001,2.3608353424072264
-14.02,0.012141752243041993,-14.019999875,2.365804214477539
-14.0,0.018119230270385745,-13.999999875,2.3807108306884763
-13.98,0.014134244918823244,-13.979999875,2.4005863189697263
-13.96,0.010149259567260743,-13.959999875000001,2.425430679321289
-13.94,0.018119230270385745,-13.939999875,2.445306167602539
-13.92,0.013137998580932618,-13.919999875,2.4602127838134766
-13.9,0.015130491256713868,-13.899999875,2.485057144165039
-13.88,0.017122983932495117,-13.879999875000001,2.4999637603759766
-13.86,0.018119230270385745,-13.859999875,2.5099015045166015
-13.84,0.0071605205535888675,-13.839999875,2.514870376586914
-13.82,0.016126737594604493,-13.819999875,2.524808120727539
-13.8,0.017122983932495117,-13.799999875000001,2.534745864868164
-13.780000000000001,0.013137998580932618,-13.779999875000001,2.534745864868164
-13.76,0.016126737594604493,-13.759999875,2.5397147369384765
-13.74,0.016126737594604493,-13.739999875,2.5446836090087888
-13.72,0.010149259567260743,-13.719999875000001,2.5446836090087888
-13.700000000000001,0.015130491256713868,-13.699999875000001,2.5496524810791015
-13.68,0.017122983932495117,-13.679999875,2.5546213531494137
-13.66,0.013137998580932618,-13.659999875,2.5496524810791015
-13.64,0.016126737594604493,-13.639999875,2.5496524810791015
-13.620000000000001,0.02110796928405762,-13.619999875000001,2.5446836090087888
-13.6,0.020111722946166994,-13.599999875,2.5446836090087888
-13.58,0.015130491256713868,-13.579999875,2.5446836090087888
-13.56,0.010149259567260743,-13.559999875,2.5496524810791015
-13.540000000000001,0.016126737594604493,-13.539999875000001,2.5546213531494137
-13.52,0.016126737594604493,-13.519999875,2.5446836090087888
-13.5,0.018119230270385745,-13.499999875,2.5496524810791015
-13.48,0.018119230270385745,-13.479999875,2.5496524810791015
-13.46,0.01911547660827637,-13.459999875000001,2.5397147369384765
-13.44,0.017122983932495117,-13.439999875,2.5496524810791015
-13.42,0.018119230270385745,-13.419999875,2.5446836090087888
-13.4,0.01911547660827637,-13.399999875,2.5546213531494137
-13.38,0.013137998580932618,-13.379999875000001,2.5446836090087888
-13.36,0.01911547660827637,-13.359999875,2.5496524810791015
-13.34,0.016126737594604493,-13.339999875,2.5496524810791015
-13.32,0.013137998580932618,-13.319999875,2.5496524810791015
-13.3,0.012141752243041993,-13.299999875000001,2.5446836090087888
-13.280000000000001,0.018119230270385745,-13.279999875000001,2.5496524810791015
-13.26,0.011145505905151369,-13.259999875,2.5446836090087888
-13.24,0.01911547660827637,-13.239999875,2.5595902252197265
-13.22,0.03306292533874512,-13.219999875000001,2.7086563873291016
-13.200000000000001,0.03107043266296387,-13.199999875000001,2.832878189086914
-13.18,0.03405917167663575,-13.179999875,2.8378470611572264
-13.16,0.026089200973510744,-13.159999875,2.7682828521728515
-13.14,0.026089200973510744,-13.139999875,2.663936538696289
-13.120000000000001,0.028081693649291996,-13.119999875000001,2.574496841430664
-13.1,0.026089200973510744,-13.099999875,2.4800882720947266
-13.08,0.01911547660827637,-13.079999875,2.415492935180664
-13.06,0.016126737594604493,-13.059999875,2.3807108306884763
-13.040000000000001,0.016126737594604493,-13.039999875000001,2.3707730865478513
-13.02,0.018119230270385745,-13.019999875,2.3707730865478513
-13.0,0.012141752243041993,-12.999999875,2.375741958618164
-12.98,0.012141752243041993,-12.979999875,2.395617446899414
-12.96,0.018119230270385745,-12.959999875000001,2.415492935180664
-12.94,0.016126737594604493,-12.939999875,2.435368423461914
-12.92,0.014134244918823244,-12.919999875,2.465181655883789
-12.9,0.011145505905151369,-12.899999875,2.485057144165039
-12.88,0.01911547660827637,-12.879999875000001,2.4999637603759766
-12.86,0.018119230270385745,-12.859999875,2.5099015045166015
-12.84,0.014134244918823244,-12.839999875,2.514870376586914
-12.82,0.016126737594604493,-12.819999875,2.524808120727539
-12.8,0.014134244918823244,-12.799999875000001,2.5397147369384765
-12.780000000000001,0.013137998580932618,-12.779999875000001,2.534745864868164
-12.76,0.013137998580932618,-12.759999875,2.5397147369384765
-12.74,0.011145505905151369,-12.739999875,2.5446836090087888
-12.72,0.017122983932495117,-12.719999875000001,2.5496524810791015
-12.700000000000001,0.009153013229370118,-12.699999875000001,2.5496524810791015
-12.68,0.015130491256713868,-12.679999875,2.5446836090087888
-12.66,0.016126737594604493,-12.659999875,2.5446836090087888
-12.64,0.013137998580932618,-12.639999875,2.5546213531494137
-12.620000000000001,0.015130491256713868,-12.619999875000001,2.5546213531494137
-12.6,0.012141752243041993,-12.599999875,2.5446836090087888
-12.58,0.013137998580932618,-12.579999875,2.5446836090087888
-12.56,0.01911547660827637,-12.559999875,2.5496524810791015
-12.540000000000001,0.013137998580932618,-12.539999875000001,2.5446836090087888
-12.52,0.0071605205535888675,-12.519999875,2.5496524810791015
-12.5,0.015130491256713868,-12.499999875,2.5496524810791015
-12.48,0.008156766891479494,-12.479999875,2.5446836090087888
-12.46,0.015130491256713868,-12.459999875000001,2.5446836090087888
-12.44,0.009153013229370118,-12.439999875,2.5397147369384765
-12.42,0.013137998580932618,-12.419999875,2.5446836090087888
-12.4,0.016126737594604493,-12.399999875,2.5496524810791015
-12.38,0.012141752243041993,-12.379999875000001,2.5446836090087888
-12.36,0.016126737594604493,-12.359999875,2.534745864868164
-12.34,0.011145505905151369,-12.339999875,2.5397147369384765
-12.32,0.011145505905151369,-12.319999875,2.5397147369384765
-12.3,0.013137998580932618,-12.299999875000001,2.5496524810791015
-12.280000000000001,0.011145505905151369,-12.279999875000001,2.534745864868164
-12.26,0.014134244918823244,-12.259999875,2.5397147369384765
-12.24,0.02110796928405762,-12.239999875,2.5546213531494137
-12.22,0.028081693649291996,-12.219999875000001,2.7086563873291016
-12.200000000000001,0.0320666790008545,-12.199999875000001,2.822940444946289
-12.18,0.03704791069030762,-12.179999875,2.8378470611572264
-12.16,0.02509295463562012,-12.159999875,2.7682828521728515
-12.14,0.024096708297729495,-12.139999875,2.6689054107666013
-12.120000000000001,0.028081693649291996,-12.119999875000001,2.5695279693603514
-12.1,0.022104215621948243,-12.099999875,2.485057144165039
-12.08,0.020111722946166994,-12.079999875,2.415492935180664
-12.06,0.008156766891479494,-12.059999875,2.3707730865478513
-12.040000000000001,0.015130491256713868,-12.039999875000001,2.355866470336914
-12.02,0.012141752243041993,-12.019999875,2.3608353424072264
-12.0,0.0071605205535888675,-11.999999875,2.3707730865478513
-11.98,0.016126737594604493,-11.979999875,2.3906485748291013
-11.96,0.01911547660827637,-11.959999875000001,2.425430679321289
-11.94,0.017122983932495117,-11.939999875,2.4303995513916012
-11.92,0.01911547660827637,-11.919999875,2.4602127838134766
-11.9,0.014134244918823244,-11.899999875,2.4900260162353516
-11.88,0.016126737594604493,-11.879999875000001,2.494994888305664
-11.86,0.009153013229370118,-11.859999875,2.5099015045166015
-11.84,0.010149259567260743,-11.839999875,2.514870376586914
-11.82,0.012141752243041993,-11.819999875,2.514870376586914
-11.8,0.009153013229370118,-11.799999875000001,2.534745864868164
-11.78,0.012141752243041993,-11.779999875,2.524808120727539
-11.76,0.011145505905151369,-11.759999875,2.5397147369384765
-11.74,0.014134244918823244,-11.739999875,2.534745864868164
-11.72,0.018119230270385745,-11.719999875000001,2.5446836090087888
-11.700000000000001,0.018119230270385745,-11.699999875000001,2.5446836090087888
-11.68,0.014134244918823244,-11.679999875,2.5496524810791015
-11.66,0.015130491256713868,-11.659999875,2.5496524810791015
-11.64,0.013137998580932618,-11.639999875,2.5397147369384765
-11.620000000000001,0.015130491256713868,-11.619999875000001,2.5397147369384765
-11.6,0.013137998580932618,-11.599999875,2.5397147369384765
-11.58,0.016126737594604493,-11.579999875,2.5397147369384765
-11.56,0.011145505905151369,-11.559999875,2.534745864868164
-11.540000000000001,0.012141752243041993,-11.539999875000001,2.5446836090087888
-11.52,0.013137998580932618,-11.519999875,2.5546213531494137
-11.5,0.017122983932495117,-11.499999875,2.5496524810791015
-11.48,0.017122983932495117,-11.479999875,2.5446836090087888
-11.46,0.01911547660827637,-11.459999875000001,2.5446836090087888
-11.44,0.013137998580932618,-11.439999875,2.5446836090087888
-11.42,0.016126737594604493,-11.419999875,2.5496524810791015
-11.4,0.020111722946166994,-11.399999875,2.5397147369384765
-11.38,0.012141752243041993,-11.379999875000001,2.5397147369384765
-11.36,0.012141752243041993,-11.359999875,2.5446836090087888
-11.34,0.01911547660827637,-11.339999875,2.534745864868164
-11.32,0.013137998580932618,-11.319999875,2.5397147369384765
-11.3,0.020111722946166994,-11.299999875000001,2.5446836090087888
-11.28,0.016126737594604493,-11.279999875,2.5446836090087888
-11.26,0.015130491256713868,-11.259999875,2.5397147369384765
-11.24,0.020111722946166994,-11.239999875,2.5546213531494137
-11.22,0.03107043266296387,-11.219999875000001,2.713625259399414
-11.200000000000001,0.03405917167663575,-11.199999875000001,2.832878189086914
-11.18,0.03904040336608887,-11.179999875,2.832878189086914
-11.16,0.02310046195983887,-11.159999875,2.7682828521728515
-11.14,0.02708544731140137,-11.139999875,2.663936538696289
-11.120000000000001,0.02310046195983887,-11.119999875000001,2.5695279693603514
-11.1,0.02110796928405762,-11.099999875,2.4800882720947266
-11.08,0.016126737594604493,-11.079999875,2.415492935180664
-11.06,0.017122983932495117,-11.059999875,2.385679702758789
-11.040000000000001,0.015130491256713868,-11.039999875000001,2.3608353424072264
-11.02,0.010149259567260743,-11.019999875,2.3608353424072264
-11.0,0.02310046195983887,-10.999999875,2.375741958618164
-10.98,0.014134244918823244,-10.979999875,2.3906485748291013
-10.96,0.014134244918823244,-10.959999875000001,2.4204618072509763
-10.94,0.022104215621948243,-10.939999875,2.4403372955322267
-10.92,0.014134244918823244,-10.919999875,2.4502750396728517
-10.9,0.015130491256713868,-10.899999875,2.4800882720947266
-10.88,0.015130491256713868,-10.879999875000001,2.494994888305664
-10.86,0.014134244918823244,-10.859999875,2.504932632446289
-10.84,0.011145505905151369,-10.839999875,2.524808120727539
-10.82,0.017122983932495117,-10.819999875,2.524808120727539
-10.8,0.015130491256713868,-10.799999875000001,2.524808120727539
-10.78,0.015130491256713868,-10.779999875,2.534745864868164
-10.76,0.013137998580932618,-10.759999875,2.5297769927978515
-10.74,0.017122983932495117,-10.739999875,2.5446836090087888
-10.72,0.018119230270385745,-10.719999875000001,2.534745864868164
-10.700000000000001,0.02110796928405762,-10.699999875000001,2.5397147369384765
-10.68,0.015130491256713868,-10.679999875,2.5397147369384765
-10.66,0.015130491256713868,-10.659999875,2.5496524810791015
-10.64,0.014134244918823244,-10.639999875,2.5397147369384765
-10.620000000000001,0.01911547660827637,-10.619999875000001,2.5496524810791015
-10.6,0.017122983932495117,-10.599999875,2.5446836090087888
-10.58,0.017122983932495117,-10.579999875,2.5397147369384765
-10.56,0.014134244918823244,-10.559999875,2.5446836090087888
-10.540000000000001,0.015130491256713868,-10.539999875000001,2.5446836090087888
-10.52,0.016126737594604493,-10.519999875,2.5446836090087888
-10.5,0.020111722946166994,-10.499999875,2.5496524810791015
-10.48,0.014134244918823244,-10.479999875,2.5397147369384765
-10.46,0.017122983932495117,-10.459999875000001,2.5446836090087888
-10.44,0.014134244918823244,-10.439999875,2.5496524810791015
-10.42,0.013137998580932618,-10.419999875,2.5496524810791015
-10.4,0.011145505905151369,-10.399999875,2.5397147369384765
-10.38,0.01911547660827637,-10.379999875000001,2.5446836090087888
-10.36,0.016126737594604493,-10.359999875,2.5446836090087888
-10.34,0.020111722946166994,-10.339999875,2.534745864868164
-10.32,0.017122983932495117,-10.319999875,2.5446836090087888
-10.3,0.010149259567260743,-10.299999875000001,2.5446836090087888
-10.28,0.010149259567260743,-10.279999875,2.5397147369384765
-10.26,0.010149259567260743,-10.259999875,2.5446836090087888
-10.24,0.014134244918823244,-10.239999875,2.5546213531494137
-10.22,0.03306292533874512,-10.219999875000001,2.723563003540039
-10.200000000000001,0.04003664970397949,-10.199999875000001,2.852753677368164
-10.18,0.03306292533874512,-10.179999875,2.862691421508789
-10.16,0.02907793998718262,-10.159999875,2.7782205963134765
-10.14,0.030074186325073245,-10.139999875,2.6689054107666013
-10.120000000000001,0.02310046195983887,-10.119999875000001,2.564559097290039
-10.1,0.02310046195983887,-10.099999875,2.475119400024414
-10.08,0.024096708297729495,-10.079999875,2.425430679321289
-10.06,0.017122983932495117,-10.059999875,2.385679702758789
-10.040000000000001,0.015130491256713868,-10.039999875000001,2.365804214477539
-10.02,0.014134244918823244,-10.019999875,2.365804214477539
-10.0,0.016126737594604493,-9.999999875,2.375741958618164
-9.98,0.0071605205535888675,-9.979999875,2.385679702758789
-9.96,0.012141752243041993,-9.959999875000001,2.405555191040039
-9.94,0.012141752243041993,-9.939999875,2.4303995513916012
-9.92,0.009153013229370118,-9.919999875,2.4602127838134766
-9.9,0.016126737594604493,-9.899999875,2.475119400024414
-9.88,0.012141752243041993,-9.879999875000001,2.494994888305664
-9.86,0.012141752243041993,-9.859999875,2.504932632446289
-9.84,0.009153013229370118,-9.839999875,2.514870376586914
-9.82,0.016126737594604493,-9.819999875,2.5297769927978515
-9.8,0.013137998580932618,-9.799999875000001,2.5297769927978515
-9.78,0.014134244918823244,-9.779999875,2.5297769927978515
-9.76,0.012141752243041993,-9.759999875,2.534745864868164
-9.74,0.010149259567260743,-9.739999875,2.534745864868164
-9.72,0.014134244918823244,-9.719999875000001,2.534745864868164
-9.700000000000001,0.010149259567260743,-9.699999875000001,2.5397147369384765
-9.68,0.018119230270385745,-9.679999875,2.5546213531494137
-9.66,0.014134244918823244,-9.659999875,2.5446836090087888
-9.64,0.011145505905151369,-9.639999875,2.5446836090087888
-9.620000000000001,0.010149259567260743,-9.619999875000001,2.5397147369384765
-9.6,0.016126737594604493,-9.599999875,2.5496524810791015
-9.58,0.015130491256713868,-9.579999875,2.5546213531494137
-9.56,0.011145505905151369,-9.559999875,2.5496524810791015
-9.540000000000001,0.011145505905151369,-9.539999875000001,2.5446836090087888
-9.52,0.015130491256713868,-9.519999875,2.5446836090087888
-9.5,0.013137998580932618,-9.499999875,2.5446836090087888
-9.48,0.013137998580932618,-9.479999875,2.5546213531494137
-9.46,0.018119230270385745,-9.459999875000001,2.5496524810791015
-9.44,0.018119230270385745,-9.439999875,2.5496524810791015
-9.42,0.018119230270385745,-9.419999875,2.5397147369384765
-9.4,0.014134244918823244,-9.399999875,2.5496524810791015
-9.38,0.015130491256713868,-9.379999875000001,2.5496524810791015
-9.36,0.012141752243041993,-9.359999875,2.5496524810791015
-9.34,0.01911547660827637,-9.339999875,2.5496524810791015
-9.32,0.012141752243041993,-9.319999875,2.5397147369384765
-9.3,0.020111722946166994,-9.299999875000001,2.5446836090087888
-9.28,0.014134244918823244,-9.279999875,2.5446836090087888
-9.26,0.012141752243041993,-9.259999875,2.5446836090087888
-9.24,0.02310046195983887,-9.239999875,2.5695279693603514
-9.22,0.03306292533874512,-9.219999875000001,2.7285318756103516
-9.200000000000001,0.030074186325073245,-9.199999875000001,2.8477848052978514
-9.18,0.036051664352416996,-9.179999875,2.842815933227539
-9.16,0.030074186325073245,-9.159999875,2.7782205963134765
-9.14,0.026089200973510744,-9.139999875,2.673874282836914
-9.120000000000001,0.03107043266296387,-9.119999875000001,2.574496841430664
-9.1,0.024096708297729495,-9.099999875,2.4800882720947266
-9.08,0.026089200973510744,-9.079999875,2.4204618072509763
-9.06,0.017122983932495117,-9.059999875,2.385679702758789
-9.040000000000001,0.014134244918823244,-9.039999875000001,2.3608353424072264
-9.02,0.016126737594604493,-9.019999875,2.3608353424072264
-9.0,0.01911547660827637,-8.999999875,2.3707730865478513
-8.98,0.017122983932495117,-8.979999875,2.3906485748291013
-8.96,0.014134244918823244,-8.959999875000001,2.405555191040039
-8.94,0.014134244918823244,-8.939999875,2.4403372955322267
-8.92,0.013137998580932618,-8.919999875,2.4602127838134766
-8.9,0.016126737594604493,-8.899999875,2.475119400024414
-8.88,0.013137998580932618,-8.879999875000001,2.4999637603759766
-8.86,0.014134244918823244,-8.859999875,2.504932632446289
-8.84,0.013137998580932618,-8.839999875,2.524808120727539
-8.82,0.016126737594604493,-8.819999875,2.524808120727539
-8.8,0.012141752243041993,-8.799999875000001,2.524808120727539
-8.78,0.013137998580932618,-8.779999875,2.5397147369384765
-8.76,0.017122983932495117,-8.759999875,2.5397147369384765
-8.74,0.011145505905151369,-8.739999875,2.5397147369384765
-8.72,0.011145505905151369,-8.719999875000001,2.5397147369384765
-8.700000000000001,0.02110796928405762,-8.699999875000001,2.5496524810791015
-8.68,0.014134244918823244,-8.679999875,2.5446836090087888
-8.66,0.016126737594604493,-8.659999875,2.5496524810791015
-8.64,0.014134244918823244,-8.639999875,2.5496524810791015
-8.620000000000001,0.010149259567260743,-8.619999875000001,2.5446836090087888
-8.6,0.008156766891479494,-8.599999875,2.5496524810791015
-8.58,0.008156766891479494,-8.579999875,2.5496524810791015
-8.56,0.010149259567260743,-8.559999875,2.5496524810791015
-8.540000000000001,0.016126737594604493,-8.539999875000001,2.5446836090087888
-8.52,0.016126737594604493,-8.519999875,2.5496524810791015
-8.5,0.016126737594604493,-8.499999875,2.5446836090087888
-8.48,0.017122983932495117,-8.479999875,2.5546213531494137
-8.46,0.015130491256713868,-8.459999875000001,2.5496524810791015
-8.44,0.017122983932495117,-8.439999875,2.5496524810791015
-8.42,0.014134244918823244,-8.419999875,2.5446836090087888
-8.4,0.009153013229370118,-8.399999875,2.5446836090087888
-8.38,0.014134244918823244,-8.379999875000001,2.5446836090087888
-8.36,0.017122983932495117,-8.359999875,2.5446836090087888
-8.34,0.014134244918823244,-8.339999875,2.5546213531494137
-8.32,0.010149259567260743,-8.319999875,2.5446836090087888
-8.3,0.015130491256713868,-8.299999875000001,2.5496524810791015
-8.28,0.020111722946166994,-8.279999875,2.5446836090087888
-8.26,0.013137998580932618,-8.259999875,2.534745864868164
-8.24,0.02509295463562012,-8.239999875,2.564559097290039
-8.22,0.03306292533874512,-8.219999875000001,2.7384696197509766
-8.2,0.03306292533874512,-8.199999875,2.8477848052978514
-8.18,0.03505541801452637,-8.179999875,2.8477848052978514
-8.16,0.03107043266296387,-8.159999875,2.7782205963134765
-8.14,0.02708544731140137,-8.139999875,2.6788431549072262
-8.120000000000001,0.02708544731140137,-8.119999875000001,2.574496841430664
-8.1,0.02310046195983887,-8.099999875,2.485057144165039
-8.08,0.02110796928405762,-8.079999875,2.425430679321289
-8.06,0.02310046195983887,-8.059999875,2.3807108306884763
-8.040000000000001,0.014134244918823244,-8.039999875000001,2.345928726196289
-8.02,0.020111722946166994,-8.019999875,2.355866470336914
-8.0,0.010149259567260743,-7.999999875,2.3807108306884763
-7.98,0.01911547660827637,-7.979999875000001,2.385679702758789
-7.96,0.013137998580932618,-7.959999875,2.4105240631103513
-7.94,0.02110796928405762,-7.939999875000001,2.4303995513916012
-7.92,0.02110796928405762,-7.919999875,2.445306167602539
-7.9,0.010149259567260743,-7.899999875000001,2.465181655883789
-7.88,0.010149259567260743,-7.879999875,2.494994888305664
-7.86,0.013137998580932618,-7.859999875000001,2.504932632446289
-7.84,0.014134244918823244,-7.839999875,2.5099015045166015
-7.82,0.01911547660827637,-7.819999875000001,2.5198392486572265
-7.8,0.01911547660827637,-7.799999875,2.5297769927978515
-7.78,0.014134244918823244,-7.779999875000001,2.534745864868164
-7.76,0.012141752243041993,-7.759999875,2.534745864868164
-7.74,0.014134244918823244,-7.7399998750000005,2.5397147369384765
-7.72,0.011145505905151369,-7.719999875,2.5546213531494137
-7.7,0.01911547660827637,-7.6999998750000005,2.5446836090087888
-7.68,0.0071605205535888675,-7.679999875,2.5446836090087888
-7.66,0.015130491256713868,-7.6599998750000005,2.5397147369384765
-7.640000000000001,0.014134244918823244,-7.639999875000001,2.5446836090087888
-7.62,0.015130491256713868,-7.619999875,2.5397147369384765
-7.6000000000000005,0.018119230270385745,-7.599999875000001,2.5496524810791015
-7.58,0.009153013229370118,-7.579999875,2.5397147369384765
-7.5600000000000005,0.016126737594604493,-7.559999875000001,2.5446836090087888
-7.54,0.015130491256713868,-7.539999875,2.5496524810791015
-7.5200000000000005,0.0071605205535888675,-7.519999875000001,2.5446836090087888
-7.5,0.013137998580932618,-7.499999875,2.5446836090087888
-7.48,0.015130491256713868,-7.479999875000001,2.5496524810791015
-7.46,0.017122983932495117,-7.459999875,2.5446836090087888
-7.44,0.010149259567260743,-7.439999875000001,2.5446836090087888
-7.42,0.015130491256713868,-7.419999875,2.5546213531494137
-7.4,0.011145505905151369,-7.399999875000001,2.5496524810791015
-7.38,0.012141752243041993,-7.379999875,2.5446836090087888
-7.36,0.011145505905151369,-7.359999875000001,2.5546213531494137
-7.34,0.005168027877807618,-7.339999875,2.5496524810791015
-7.32,0.014134244918823244,-7.319999875000001,2.5397147369384765
-7.3,0.020111722946166994,-7.299999875,2.5446836090087888
-7.28,0.016126737594604493,-7.279999875000001,2.5446836090087888
-7.26,0.011145505905151369,-7.259999875,2.5496524810791015
-7.24,0.018119230270385745,-7.2399998750000005,2.564559097290039
-7.22,0.04202914237976075,-7.219999875,2.7384696197509766
-7.2,0.038044157028198244,-7.1999998750000005,2.8477848052978514
-7.18,0.0320666790008545,-7.179999875,2.852753677368164
-7.16,0.028081693649291996,-7.1599998750000005,2.783189468383789
-7.140000000000001,0.02907793998718262,-7.139999875000001,2.683812026977539
-7.12,0.02509295463562012,-7.119999875,2.574496841430664
-7.1000000000000005,0.020111722946166994,-7.099999875000001,2.4900260162353516
-7.08,0.017122983932495117,-7.079999875,2.4204618072509763
-7.0600000000000005,0.016126737594604493,-7.059999875000001,2.3807108306884763
-7.04,0.014134244918823244,-7.039999875,2.355866470336914
-7.0200000000000005,0.018119230270385745,-7.019999875000001,2.3608353424072264
-7.0,0.02310046195983887,-6.999999875,2.3707730865478513
-6.98,0.022104215621948243,-6.979999875000001,2.3807108306884763
-6.96,0.01911547660827637,-6.959999875,2.4005863189697263
-6.94,0.010149259567260743,-6.939999875000001,2.4303995513916012
-6.92,0.009153013229370118,-6.919999875,2.445306167602539
-6.9,0.013137998580932618,-6.899999875000001,2.4701505279541016
-6.88,0.015130491256713868,-6.879999875,2.4900260162353516
-6.86,0.014134244918823244,-6.859999875000001,2.504932632446289
-6.84,0.016126737594604493,-6.839999875,2.5099015045166015
-6.82,0.013137998580932618,-6.819999875000001,2.5297769927978515
-6.8,0.012141752243041993,-6.799999875,2.5297769927978515
-6.78,0.011145505905151369,-6.779999875000001,2.5397147369384765
-6.76,0.015130491256713868,-6.759999875,2.534745864868164
-6.74,0.013137998580932618,-6.7399998750000005,2.5496524810791015
-6.72,0.014134244918823244,-6.719999875,2.5397147369384765
-6.7,0.017122983932495117,-6.6999998750000005,2.5397147369384765
-6.68,0.05398409843444825,-6.679999875,2.634123306274414
-6.66,0.19943606376647952,-6.6599998750000005,3.7322440338134766
-6.640000000000001,0.3060344219207764,-6.639999875000001,4.358321914672851
-6.62,0.3747754192352295,-6.619999875,4.7011740875244135
-6.6000000000000005,0.434550199508667,-6.599999875000001,4.875084609985351
-6.58,0.4724075603485108,-6.579999875,4.969493179321288
-6.5600000000000005,0.5042874431610108,-6.559999875000001,5.039057388305664
-6.54,0.5341748332977295,-6.539999875,5.078808364868164
-6.5200000000000005,0.5441372966766358,-6.519999875000001,5.088746109008789
-6.5,0.5680472087860108,-6.499999875,5.053964004516601
-6.48,0.5740246868133545,-6.479999875000001,4.740925064086914
-6.46,0.5869758892059327,-6.459999875,4.308633193969726
-6.44,0.5959421062469483,-6.439999875000001,3.866403579711914
-6.42,0.5979345989227296,-6.419999875,3.439080581665039
-6.4,0.601919584274292,-6.399999875000001,3.0366019439697265
-6.38,0.6039120769500733,-6.379999875,2.703687515258789
-6.36,0.6039120769500733,-6.359999875000001,2.3906485748291013
-6.34,0.6009233379364014,-6.339999875,2.1322672271728513
-6.32,0.6069008159637451,-6.319999875000001,1.918605728149414
-6.3,0.6078970623016358,-6.299999875,1.7546329498291016
-6.28,0.6078970623016358,-6.279999875000001,1.6055667877197264
-6.26,0.6039120769500733,-6.259999875,1.4962516021728516
-6.24,0.612878293991089,-6.2399998750000005,1.471407241821289
-6.22,0.6218445110321046,-6.219999875,1.5956290435791014
-6.2,0.6268257427215577,-6.1999998750000005,1.670162124633789
-6.18,0.6238370037078858,-6.179999875,1.650286636352539
-6.16,0.6218445110321046,-6.1599998750000005,1.550909194946289
-6.140000000000001,0.6148707866668702,-6.139999875000001,1.4366251373291015
-6.12,0.6138745403289796,-6.119999875,1.3372476959228514
-6.1000000000000005,0.604908323287964,-6.099999875000001,1.242839126586914
-6.08,0.5999270915985108,-6.079999875,1.193150405883789
-6.0600000000000005,0.5949458599090577,-6.059999875000001,1.163337173461914
-6.04,0.596938352584839,-6.039999875,1.153399429321289
-6.0200000000000005,0.5909608745574951,-6.019999875000001,1.163337173461914
-6.0,0.593949613571167,-5.999999875,1.1881815338134765
-5.98,0.5819946575164795,-5.979999875000001,1.2279325103759766
-5.96,0.5790059185028077,-5.959999875,1.262714614868164
-5.94,0.5750209331512451,-5.939999875000001,1.3173722076416015
-5.92,0.578009672164917,-5.919999875,1.3769986724853516
-5.9,0.5750209331512451,-5.899999875000001,1.421718521118164
-5.88,0.5700397014617921,-5.879999875,1.471407241821289
-5.86,0.5630659770965577,-5.859999875000001,1.5061893463134766
-5.84,0.5640622234344483,-5.839999875,1.560846939086914
-5.82,0.5630659770965577,-5.819999875000001,1.5956290435791014
-5.8,0.5610734844207764,-5.799999875,1.6353800201416016
-5.78,0.5560922527313233,-5.779999875000001,1.680099868774414
-5.76,0.5570884990692139,-5.759999875,1.7049442291259764
-5.74,0.5491185283660889,-5.7399998750000005,1.739726333618164
-5.72,0.5521072673797608,-5.719999875,1.779477310180664
-5.7,0.5471260356903077,-5.6999998750000005,1.8043216705322265
-5.68,0.5451335430145264,-5.679999875,1.8341349029541014
-5.66,0.5491185283660889,-5.6599998750000005,1.8639481353759766
-5.64,0.5501147747039795,-5.639999875,1.908667984008789
-5.62,0.5381598186492921,-5.619999875,1.928543472290039
-5.6000000000000005,0.5441372966766358,-5.599999875000001,1.9533878326416014
-5.58,0.5381598186492921,-5.579999875,1.9782321929931639
-5.5600000000000005,0.5341748332977295,-5.559999875000001,1.998107681274414
-5.54,0.5311860942840577,-5.539999875,2.0229520416259765
-5.5200000000000005,0.5321823406219482,-5.519999875000001,2.0477964019775388
-5.5,0.5252086162567139,-5.499999875,2.057734146118164
-5.48,0.5272011089324952,-5.479999875000001,2.077609634399414
-5.46,0.5232161235809326,-5.459999875,2.0925162506103514
-5.44,0.5212236309051514,-5.439999875000001,2.1223294830322263
-5.42,0.5212236309051514,-5.419999875,2.127298355102539
-5.4,0.5172386455535889,-5.399999875000001,2.1521427154541013
-5.38,0.5142499065399171,-5.379999875,2.1620804595947263
-5.36,0.5142499065399171,-5.359999875000001,2.176987075805664
-5.34,0.5072761821746826,-5.339999875,2.176987075805664
-5.32,0.5092686748504639,-5.319999875000001,2.206800308227539
-5.3,0.5052836894989015,-5.299999875,2.216738052368164
-5.28,0.5062799358367921,-5.279999875000001,2.2217069244384766
-5.26,0.5072761821746826,-5.259999875,2.236613540649414
-5.24,0.5182348918914795,-5.2399998750000005,2.3012088775634765
-5.22,0.5232161235809326,-5.219999875,2.514870376586914
-5.2,0.5291936016082764,-5.1999998750000005,2.653998794555664
-5.18,0.5232161235809326,-5.179999875,2.663936538696289
-5.16,0.5172386455535889,-5.1599998750000005,2.5894034576416014
-5.14,0.5122574138641358,-5.139999875,2.485057144165039
-5.12,0.5042874431610108,-5.119999875,2.3807108306884763
-5.1000000000000005,0.5042874431610108,-5.099999875000001,2.2962400054931638
-5.08,0.4973137187957764,-5.079999875,2.2316446685791016
-5.0600000000000005,0.49432497978210455,-5.059999875000001,2.1918936920166017
-5.04,0.4873512554168702,-5.039999875,2.176987075805664
-5.0200000000000005,0.49233248710632327,-5.019999875000001,2.176987075805664
-5.0,0.48237002372741705,-4.999999875,2.186924819946289
-4.98,0.47838503837585455,-4.979999875000001,2.196862564086914
-4.96,0.47838503837585455,-4.959999875,2.216738052368164
-4.94,0.4773887920379639,-4.939999875000001,2.2415824127197266
-4.92,0.4684225749969483,-4.919999875,2.2614579010009765
-4.9,0.4694188213348389,-4.899999875000001,2.2813333892822265
-4.88,0.47141131401062014,-4.879999875,2.3012088775634765
-4.86,0.47141131401062014,-4.859999875000001,2.3111466217041015
-4.84,0.4614488506317139,-4.839999875,2.345928726196289
-4.82,0.4574638652801514,-4.819999875000001,2.3508975982666014
-4.8,0.4614488506317139,-4.799999875,2.365804214477539
-4.78,0.4644375896453858,-4.779999875000001,2.4005863189697263
-4.76,0.4614488506317139,-4.759999875,2.4005863189697263
-4.74,0.458460111618042,-4.7399998750000005,2.4005863189697263
-4.72,0.4544751262664795,-4.719999875,2.4204618072509763
-4.7,0.45148638725280765,-4.6999998750000005,2.4303995513916012
-4.68,0.4484976482391358,-4.679999875,2.4303995513916012
-4.66,0.4465051555633545,-4.6599998750000005,2.4403372955322267
-4.64,0.4465051555633545,-4.639999875,2.4502750396728517
-4.62,0.44152392387390144,-4.619999875,2.465181655883789
-4.6000000000000005,0.44152392387390144,-4.599999875000001,2.4602127838134766
-4.58,0.4445126628875733,-4.579999875,2.485057144165039
-4.5600000000000005,0.4365426921844483,-4.559999875000001,2.4800882720947266
-4.54,0.44152392387390144,-4.539999875,2.475119400024414
-4.5200000000000005,0.4385351848602295,-4.519999875000001,2.4900260162353516
-4.5,0.4375389385223389,-4.499999875,2.4999637603759766
-4.48,0.43554644584655766,-4.479999875000001,2.4900260162353516
-4.46,0.43156146049499516,-4.459999875,2.4900260162353516
-4.44,0.4335539531707764,-4.439999875000001,2.514870376586914
-4.42,0.4285727214813233,-4.419999875,2.504932632446289
-4.4,0.4285727214813233,-4.399999875000001,2.504932632446289
-4.38,0.4305652141571045,-4.379999875,2.504932632446289
-4.36,0.42757647514343267,-4.359999875000001,2.5099015045166015
-4.34,0.426580228805542,-4.339999875,2.514870376586914
-4.32,0.42259524345397953,-4.319999875000001,2.514870376586914
-4.3,0.4156215190887452,-4.299999875,2.504932632446289
-4.28,0.4156215190887452,-4.279999875000001,2.5099015045166015
-4.26,0.42359148979187017,-4.259999875,2.5198392486572265
-4.24,0.4255839824676514,-4.2399998750000005,2.5695279693603514
-4.22,0.43156146049499516,-4.219999875,2.7782205963134765
-4.2,0.4365426921844483,-4.1999998750000005,2.892504653930664
-4.18,0.43156146049499516,-4.179999875,2.8875357818603513
-4.16,0.4295689678192139,-4.1599998750000005,2.8130027008056637
-4.14,0.42757647514343267,-4.139999875,2.703687515258789
-4.12,0.42259524345397953,-4.119999875,2.5894034576416014
-4.1,0.4215989971160889,-4.099999875,2.494994888305664
-4.08,0.41263278007507326,-4.079999875,2.425430679321289
-4.0600000000000005,0.4096440410614014,-4.059999875000001,2.3807108306884763
-4.04,0.4076515483856202,-4.039999875,2.3409598541259764
-4.0200000000000005,0.40267031669616704,-4.019999875000001,2.335990982055664
-4.0,0.39569659233093263,-3.999999875,2.345928726196289
-3.98,0.3976890850067139,-3.979999875,2.3508975982666014
-3.96,0.39171160697937013,-3.959999875,2.355866470336914
-3.94,0.39171160697937013,-3.939999875,2.3608353424072264
-3.92,0.38673037528991705,-3.919999875,2.3906485748291013
-3.9,0.38374163627624513,-3.899999875,2.4105240631103513
-3.88,0.38673037528991705,-3.8799998749999998,2.4303995513916012
-3.86,0.38772662162780763,-3.8599998749999997,2.4502750396728517
-3.84,0.38374163627624513,-3.8399998749999997,2.4602127838134766
-3.8200000000000003,0.38274538993835455,-3.819999875,2.475119400024414
-3.8000000000000003,0.37577166557312014,-3.799999875,2.4900260162353516
-3.7800000000000002,0.37577166557312014,-3.779999875,2.504932632446289
-3.7600000000000002,0.37975665092468264,-3.759999875,2.504932632446289
-3.74,0.3747754192352295,-3.739999875,2.5198392486572265
-3.72,0.3747754192352295,-3.719999875,2.524808120727539
-3.7,0.3737791728973389,-3.699999875,2.524808120727539
-3.68,0.370790433883667,-3.679999875,2.524808120727539
-3.66,0.3658092021942139,-3.659999875,2.534745864868164
-3.64,0.3668054485321045,-3.639999875,2.534745864868164
-3.62,0.3697941875457764,-3.619999875,2.534745864868164
-3.6,0.3648129558563233,-3.599999875,2.5446836090087888
-3.58,0.3618242168426514,-3.579999875,2.5446836090087888
-3.56,0.362820463180542,-3.559999875,2.5546213531494137
-3.54,0.3568429851531983,-3.539999875,2.5496524810791015
-3.52,0.3588354778289795,-3.519999875,2.5546213531494137
-3.5,0.3588354778289795,-3.499999875,2.5496524810791015
-3.48,0.35584673881530765,-3.479999875,2.5546213531494137
-3.46,0.3498692607879639,-3.459999875,2.5546213531494137
-3.44,0.3538542461395264,-3.439999875,2.5546213531494137
-3.42,0.3498692607879639,-3.419999875,2.5496524810791015
-3.4,0.3578392314910889,-3.399999875,2.5546213531494137
-3.38,0.34389178276062016,-3.3799998749999998,2.5496524810791015
-3.36,0.3508655071258545,-3.3599998749999997,2.5546213531494137
-3.34,0.3448880290985108,-3.3399998749999997,2.5496524810791015
-3.3200000000000003,0.33990679740905766,-3.319999875,2.5496524810791015
-3.3000000000000003,0.3448880290985108,-3.299999875,2.5546213531494137
-3.2800000000000002,0.34787676811218265,-3.279999875,2.5695279693603514
-3.2600000000000002,0.34389178276062016,-3.259999875,2.5546213531494137
-3.24,0.3498692607879639,-3.239999875,2.604310073852539
-3.22,0.36381670951843265,-3.219999875,2.8179715728759764
-3.2,0.3618242168426514,-3.199999875,2.942193374633789
-3.18,0.3578392314910889,-3.179999875,2.9272867584228512
-3.16,0.3568429851531983,-3.159999875,2.8378470611572264
-3.14,0.354850492477417,-3.139999875,2.7285318756103516
-3.12,0.3458842754364014,-3.119999875,2.6291544342041013
-3.1,0.3428955364227295,-3.099999875,2.524808120727539
-3.08,0.3418992900848389,-3.079999875,2.4502750396728517
-3.06,0.3418992900848389,-3.059999875,2.395617446899414
-3.04,0.33592181205749516,-3.039999875,2.375741958618164
-3.02,0.3409030437469483,-3.019999875,2.365804214477539
-3.0,0.33193682670593266,-2.999999875,2.3608353424072264
-2.98,0.33193682670593266,-2.979999875,2.3707730865478513
-2.96,0.3299443340301514,-2.959999875,2.385679702758789
-2.94,0.33193682670593266,-2.939999875,2.395617446899414
-2.92,0.32297060966491703,-2.919999875,2.415492935180664
-2.9,0.32097811698913575,-2.899999875,2.425430679321289
-2.88,0.3179893779754639,-2.8799998749999998,2.445306167602539
-2.86,0.31699313163757326,-2.8599998749999997,2.4701505279541016
-2.84,0.3179893779754639,-2.8399998749999997,2.4900260162353516
-2.82,0.31699313163757326,-2.8199998749999997,2.494994888305664
-2.8000000000000003,0.3179893779754639,-2.799999875,2.504932632446289
-2.7800000000000002,0.31101565361022954,-2.779999875,2.5099015045166015
-2.7600000000000002,0.31300814628601076,-2.759999875,2.514870376586914
-2.74,0.31300814628601076,-2.739999875,2.5297769927978515
-2.72,0.30902316093444826,-2.719999875,2.534745864868164
-2.7,0.30902316093444826,-2.699999875,2.5397147369384765
-2.68,0.3080269145965576,-2.679999875,2.5446836090087888
-2.66,0.3120118999481201,-2.659999875,2.5546213531494137
-2.64,0.30703066825866704,-2.639999875,2.5446836090087888
-2.62,0.3040419292449951,-2.619999875,2.5446836090087888
-2.6,0.3060344219207764,-2.599999875,2.564559097290039
-2.58,0.30105319023132326,-2.579999875,2.5496524810791015
-2.56,0.3040419292449951,-2.559999875,2.5546213531494137
-2.54,0.2980644512176514,-2.539999875,2.564559097290039
-2.52,0.2980644512176514,-2.519999875,2.564559097290039
-2.5,0.3060344219207764,-2.499999875,2.5595902252197265
-2.48,0.3000569438934326,-2.479999875,2.5595902252197265
-2.46,0.3000569438934326,-2.459999875,2.5595902252197265
-2.44,0.2980644512176514,-2.439999875,2.5595902252197265
-2.42,0.29607195854187013,-2.419999875,2.5546213531494137
-2.4,0.2940794658660889,-2.399999875,2.5595902252197265
-2.38,0.29208697319030763,-2.3799998749999998,2.5496524810791015
-2.36,0.283120756149292,-2.3599998749999997,2.5546213531494137
-2.34,0.2940794658660889,-2.3399998749999997,2.5546213531494137
-2.32,0.28909823417663577,-2.3199998749999997,2.5595902252197265
-2.3000000000000003,0.28411700248718263,-2.299999875,2.5546213531494137
-2.2800000000000002,0.2851132488250733,-2.279999875,2.5595902252197265
-2.2600000000000002,0.29308321952819827,-2.259999875,2.564559097290039
-2.24,0.29706820487976077,-2.239999875,2.6092789459228514
-2.22,0.30503817558288576,-2.219999875,2.822940444946289
-2.2,0.30902316093444826,-2.199999875,2.932255630493164
-2.18,0.3020494365692139,-2.179999875,2.9272867584228512
-2.16,0.30703066825866704,-2.159999875,2.8477848052978514
-2.14,0.3100194072723389,-2.139999875,2.733500747680664
-2.12,0.29208697319030763,-2.119999875,2.6192166900634763
-2.1,0.2900944805145264,-2.099999875,2.524808120727539
-2.08,0.283120756149292,-2.079999875,2.445306167602539
-2.06,0.2851132488250733,-2.059999875,2.4005863189697263
-2.04,0.2811282634735108,-2.039999875,2.375741958618164
-2.02,0.2781395244598389,-2.019999875,2.355866470336914
-2.0,0.26817706108093264,-1.999999875,2.365804214477539
-1.98,0.27216204643249514,-1.979999875,2.385679702758789
-1.96,0.2741545391082764,-1.959999875,2.3906485748291013
-1.94,0.2741545391082764,-1.939999875,2.4005863189697263
-1.92,0.2701695537567139,-1.919999875,2.415492935180664
-1.9000000000000001,0.26419207572937015,-1.8999998750000002,2.4303995513916012
-1.8800000000000001,0.27216204643249514,-1.8799998750000002,2.4502750396728517
-1.86,0.26817706108093264,-1.8599998750000002,2.4701505279541016
-1.84,0.26419207572937015,-1.8399998750000002,2.475119400024414
-1.82,0.25821459770202637,-1.8199998750000002,2.4999637603759766
-1.8,0.2651883220672608,-1.7999998750000001,2.4900260162353516
-1.78,0.2631958293914795,-1.7799998750000001,2.5198392486572265
-1.76,0.25622210502624515,-1.759999875,2.524808120727539
-1.74,0.26020709037780765,-1.739999875,2.534745864868164
-1.72,0.25622210502624515,-1.719999875,2.5397147369384765
-1.7,0.2552258586883545,-1.699999875,2.5496524810791015
-1.68,0.2542296123504639,-1.679999875,2.5496524810791015
-1.6600000000000001,0.24924838066101077,-1.6599998750000002,2.5546213531494137
-1.6400000000000001,0.24725588798522952,-1.6399998750000002,2.5496524810791015
-1.62,0.24725588798522952,-1.6199998750000002,2.5546213531494137
-1.6,0.2502446269989014,-1.5999998750000002,2.5595902252197265
-1.58,0.24725588798522952,-1.5799998750000002,2.5546213531494137
-1.56,0.2552258586883545,-1.5599998750000001,2.5595902252197265
-1.54,0.24426714897155763,-1.5399998750000001,2.5546213531494137
-1.52,0.24825213432312013,-1.5199998750000001,2.5546213531494137
-1.5,0.2502446269989014,-1.499999875,2.5546213531494137
-1.48,0.24526339530944827,-1.479999875,2.5546213531494137
-1.46,0.24127840995788577,-1.459999875,2.564559097290039
-1.44,0.23828967094421388,-1.439999875,2.5595902252197265
-1.42,0.24327090263366702,-1.419999875,2.564559097290039
-1.4000000000000001,0.24426714897155763,-1.3999998750000002,2.5496524810791015
-1.3800000000000001,0.24725588798522952,-1.3799998750000002,2.5595902252197265
-1.36,0.23729342460632327,-1.3599998750000002,2.5546213531494137
-1.34,0.24227465629577638,-1.3399998750000002,2.5595902252197265
-1.32,0.23430468559265138,-1.3199998750000002,2.5595902252197265
-1.3,0.24227465629577638,-1.2999998750000001,2.5595902252197265
-1.28,0.23729342460632327,-1.2799998750000001,2.5595902252197265
-1.26,0.23430468559265138,-1.259999875,2.5546213531494137
-1.24,0.24426714897155763,-1.239999875,2.5993412017822264
-1.22,0.2612033367156983,-1.219999875,2.8130027008056637
-1.2,0.2631958293914795,-1.199999875,2.942193374633789
-1.18,0.25622210502624515,-1.179999875,2.932255630493164
-1.16,0.25622210502624515,-1.159999875,2.842815933227539
-1.1400000000000001,0.2532333660125733,-1.1399998750000002,2.7384696197509766
-1.12,0.24526339530944827,-1.1199998750000002,2.6192166900634763
-1.1,0.24227465629577638,-1.0999998750000002,2.524808120727539
-1.08,0.23629717826843263,-1.0799998750000002,2.4502750396728517
-1.06,0.2303197002410889,-1.0599998750000001,2.395617446899414
-1.04,0.24028216361999513,-1.0399998750000001,2.3707730865478513
-1.02,0.23430468559265138,-1.0199998750000001,2.3608353424072264
-1.0,0.23330843925476077,-0.999999875,2.3608353424072264
-0.98,0.23430468559265138,-0.979999875,2.3807108306884763
-0.96,0.22533846855163575,-0.959999875,2.3807108306884763
-0.9400000000000001,0.22832720756530764,-0.939999875,2.395617446899414
-0.92,0.2263347148895264,-0.919999875,2.4204618072509763
-0.9,0.22135348320007325,-0.899999875,2.425430679321289
-0.88,0.2223497295379639,-0.879999875,2.4502750396728517
-0.86,0.22434222221374514,-0.859999875,2.4602127838134766
-0.84,0.22434222221374514,-0.839999875,2.4800882720947266
-0.8200000000000001,0.2183647441864014,-0.819999875,2.494994888305664
-0.8,0.219360990524292,-0.799999875,2.494994888305664
-0.78,0.2183647441864014,-0.779999875,2.504932632446289
-0.76,0.22035723686218264,-0.759999875,2.5198392486572265
-0.74,0.2153760051727295,-0.739999875,2.5297769927978515
-0.72,0.21637225151062014,-0.719999875,2.524808120727539
-0.7000000000000001,0.2183647441864014,-0.699999875,2.5446836090087888
-0.68,0.21238726615905765,-0.679999875,2.5446836090087888
-0.66,0.2153760051727295,-0.659999875,2.5496524810791015
-0.64,0.20939852714538576,-0.639999875,2.5546213531494137
-0.62,0.21238726615905765,-0.619999875,2.5446836090087888
-0.6,0.2143797588348389,-0.599999875,2.5595902252197265
-0.58,0.21637225151062014,-0.5799998749999999,2.564559097290039
-0.56,0.20541354179382326,-0.559999875,2.5595902252197265
-0.54,0.2143797588348389,-0.539999875,2.5595902252197265
-0.52,0.2074060344696045,-0.519999875,2.5595902252197265
-0.5,0.2064097881317139,-0.499999875,2.5546213531494137
-0.48,0.20939852714538576,-0.47999987499999996,2.5595902252197265
-0.46,0.20541354179382326,-0.459999875,2.5595902252197265
-0.44,0.20242480278015137,-0.439999875,2.5546213531494137
-0.42,0.20043231010437013,-0.41999987499999997,2.5546213531494137
-0.4,0.20242480278015137,-0.399999875,2.5595902252197265
-0.38,0.20939852714538576,-0.379999875,2.5595902252197265
-0.36,0.203421049118042,-0.35999987499999997,2.5546213531494137
-0.34,0.2074060344696045,-0.339999875,2.5546213531494137
-0.32,0.20242480278015137,-0.319999875,2.5496524810791015
-0.3,0.20043231010437013,-0.29999987499999997,2.5546213531494137
-0.28,0.19644732475280763,-0.279999875,2.5595902252197265
-0.26,0.20043231010437013,-0.259999875,2.5546213531494137
-0.24,0.20541354179382326,-0.239999875,2.5993412017822264
-0.22,0.219360990524292,-0.219999875,2.8179715728759764
-0.2,0.2153760051727295,-0.19999987500000002,2.942193374633789
-0.18,0.22035723686218264,-0.179999875,2.9372245025634762
-0.16,0.21637225151062014,-0.159999875,2.842815933227539
-0.14,0.21637225151062014,-0.13999987500000002,2.733500747680664
-0.12,0.2103947734832764,-0.11999987499999999,2.6192166900634763
-0.1,0.2103947734832764,-0.099999875,2.5198392486572265
-0.08,0.2064097881317139,-0.079999875,2.445306167602539
-0.06,0.20043231010437013,-0.059999875,2.4005863189697263
-0.04,0.19345858573913577,-0.039999875000000004,2.3707730865478513
-0.02,0.19445483207702638,-0.019999875,2.365804214477539
0.0,0.19445483207702638,1.25e-07,2.365804214477539
0.02,0.19046984672546388,0.020000125,2.375741958618164
0.04,0.19246233940124513,0.040000125,2.385679702758789
0.06,0.19345858573913577,0.060000124999999994,2.405555191040039
0.08,0.18648486137390138,0.080000125,2.4204618072509763
0.1,0.18449236869812013,0.10000012500000001,2.4303995513916012
0.12,0.18648486137390138,0.120000125,2.455243911743164
0.14,0.18847735404968263,0.140000125,2.465181655883789
0.16,0.18548861503601077,0.160000125,2.475119400024414
0.18,0.18449236869812013,0.18000012499999998,2.4800882720947266
0.2,0.18249987602233889,0.200000125,2.5099015045166015
0.22,0.18249987602233889,0.220000125,2.524808120727539
0.24,0.1785148906707764,0.24000012499999998,2.5297769927978515
0.26,0.18648486137390138,0.260000125,2.534745864868164
0.28,0.17751864433288575,0.28000012500000004,2.5297769927978515
0.3,0.1745299053192139,0.300000125,2.534745864868164
0.32,0.18050738334655764,0.320000125,2.5446836090087888
0.34,0.1745299053192139,0.34000012500000004,2.5446836090087888
0.36,0.17751864433288575,0.360000125,2.5446836090087888
0.38,0.1705449199676514,0.380000125,2.5546213531494137
0.4,0.17353365898132325,0.40000012500000004,2.5595902252197265
0.42,0.1705449199676514,0.420000125,2.5496524810791015
0.44,0.179511137008667,0.440000125,2.5695279693603514
0.46,0.17751864433288575,0.46000012500000004,2.5496524810791015
0.48,0.1705449199676514,0.480000125,2.5546213531494137
0.5,0.171541166305542,0.500000125,2.5546213531494137
0.52,0.17353365898132325,0.520000125,2.5546213531494137
0.54,0.17353365898132325,0.540000125,2.5595902252197265
0.56,0.1745299053192139,0.5600001250000001,2.5446836090087888
0.58,0.16855242729187014,0.580000125,2.5496524810791015
0.6,0.17253741264343264,0.600000125,2.5546213531494137
0.62,0.1665599346160889,0.620000125,2.5496524810791015
0.64,0.17253741264343264,0.640000125,2.5595902252197265
0.66,0.16556368827819826,0.660000125,2.5595902252197265
0.68,0.16954867362976075,0.6800001250000001,2.5546213531494137
0.7000000000000001,0.1665599346160889,0.7000001250000001,2.5546213531494137
0.72,0.1665599346160889,0.720000125,2.5546213531494137
0.74,0.1675561809539795,0.740000125,2.5546213531494137
0.76,0.17253741264343264,0.760000125,2.604310073852539
0.78,0.19046984672546388,0.780000125,2.8179715728759764
0.8,0.19046984672546388,0.8000001250000001,2.9272867584228512
0.8200000000000001,0.18847735404968263,0.8200001250000001,2.9272867584228512
0.84,0.18648486137390138,0.840000125,2.832878189086914
0.86,0.18449236869812013,0.860000125,2.733500747680664
0.88,0.17751864433288575,0.880000125,2.624185562133789
0.9,0.17353365898132325,0.900000125,2.524808120727539
0.92,0.16954867362976075,0.9200001250000001,2.445306167602539
0.9400000000000001,0.17253741264343264,0.9400001250000001,2.385679702758789
0.96,0.1705449199676514,0.960000125,2.3707730865478513
0.98,0.16257494926452637,0.980000125,2.3508975982666014
1.0,0.17353365898132325,1.000000125,2.3608353424072264
1.02,0.16257494926452637,1.020000125,2.3608353424072264
1.04,0.163571195602417,1.040000125,2.385679702758789
1.06,0.15858996391296387,1.060000125,2.4005863189697263
1.08,0.16058245658874512,1.080000125,2.4105240631103513
1.1,0.15759371757507326,1.100000125,2.435368423461914
1.12,0.15261248588562012,1.120000125,2.445306167602539
1.1400000000000001,0.15858996391296387,1.140000125,2.465181655883789
1.16,0.15858996391296387,1.1600001249999998,2.475119400024414
1.18,0.15261248588562012,1.1800001249999998,2.494994888305664
1.2,0.15460497856140137,1.2000001249999999,2.494994888305664
1.22,0.15858996391296387,1.2200001249999999,2.5198392486572265
1.24,0.15161623954772951,1.240000125,2.5297769927978515
1.26,0.15261248588562012,1.260000125,2.5297769927978515
1.28,0.15460497856140137,1.280000125,2.5397147369384765
1.3,0.15261248588562012,1.300000125,2.5496524810791015
1.32,0.15759371757507326,1.320000125,2.5496524810791015
1.34,0.14962374687194827,1.340000125,2.5496524810791015
1.36,0.14862750053405763,1.360000125,2.5446836090087888
1.3800000000000001,0.14763125419616702,1.380000125,2.5496524810791015
1.4000000000000001,0.14962374687194827,1.400000125,2.5595902252197265
1.42,0.14862750053405763,1.4200001249999998,2.5595902252197265
1.44,0.14663500785827638,1.4400001249999999,2.5496524810791015
1.46,0.14763125419616702,1.4600001249999999,2.5595902252197265
1.48,0.14962374687194827,1.4800001249999999,2.5546213531494137
1.5,0.15061999320983888,1.500000125,2.5595902252197265
1.52,0.14364626884460452,1.520000125,2.5496524810791015
1.54,0.14663500785827638,1.540000125,2.5546213531494137
1.56,0.14265002250671388,1.560000125,2.5496524810791015
1.58,0.14464251518249513,1.580000125,2.5595902252197265
1.6,0.14265002250671388,1.600000125,2.5546213531494137
1.62,0.14763125419616702,1.620000125,2.564559097290039
1.6400000000000001,0.14364626884460452,1.640000125,2.5546213531494137
1.6600000000000001,0.14265002250671388,1.660000125,2.5595902252197265
1.68,0.139661283493042,1.6800001249999998,2.5546213531494137
1.7,0.14165377616882324,1.7000001249999999,2.5595902252197265
1.72,0.14364626884460452,1.7200001249999999,2.5546213531494137
1.74,0.14265002250671388,1.740000125,2.5546213531494137
1.76,0.15261248588562012,1.760000125,2.604310073852539
1.78,0.16058245658874512,1.780000125,2.8179715728759764
1.8,0.16456744194030765,1.800000125,2.9272867584228512
1.82,0.16556368827819826,1.820000125,2.922317886352539
1.84,0.16456744194030765,1.840000125,2.8477848052978514
1.86,0.16157870292663576,1.860000125,2.7285318756103516
1.8800000000000001,0.15261248588562012,1.880000125,2.6192166900634763
1.9000000000000001,0.14464251518249513,1.900000125,2.524808120727539
1.92,0.15161623954772951,1.9200001249999998,2.445306167602539
1.94,0.14464251518249513,1.9400001249999999,2.4005863189697263
1.96,0.14464251518249513,1.9600001249999999,2.365804214477539
1.98,0.14663500785827638,1.9800001249999999,2.365804214477539
2.0,0.14065752983093263,2.000000125,2.355866470336914
2.02,0.14065752983093263,2.020000125,2.375741958618164
2.04,0.14065752983093263,2.040000125,2.3906485748291013
2.06,0.13468005180358888,2.060000125,2.395617446899414
2.08,0.14165377616882324,2.080000125,2.415492935180664
2.1,0.13468005180358888,2.100000125,2.425430679321289
2.12,0.13468005180358888,2.1200001250000002,2.445306167602539
2.14,0.13368380546569825,2.1400001250000003,2.4602127838134766
2.16,0.13368380546569825,2.1600001250000003,2.4800882720947266
2.18,0.13368380546569825,2.1800001250000003,2.485057144165039
2.2,0.13468005180358888,2.2000001250000003,2.5099015045166015
2.22,0.1267100811004639,2.2200001250000003,2.5198392486572265
2.24,0.13268755912780764,2.2400001250000003,2.5297769927978515
2.2600000000000002,0.1306950664520264,2.2600001250000004,2.5297769927978515
2.2800000000000002,0.1277063274383545,2.2800001250000004,2.534745864868164
2.3000000000000003,0.131691312789917,2.3000001250000004,2.5397147369384765
2.32,0.12870257377624514,2.320000125,2.5446836090087888
2.34,0.12969882011413575,2.340000125,2.5446836090087888
2.36,0.12571383476257325,2.360000125,2.5496524810791015
2.38,0.1267100811004639,2.380000125,2.5446836090087888
2.4,0.123721342086792,2.400000125,2.5446836090087888
2.42,0.12172884941101075,2.420000125,2.5546213531494137
2.44,0.11874011039733888,2.440000125,2.5546213531494137
2.46,0.12870257377624514,2.460000125,2.5546213531494137
2.48,0.12172884941101075,2.480000125,2.5546213531494137
2.5,0.1306950664520264,2.500000125,2.5546213531494137
2.52,0.12272509574890138,2.520000125,2.5595902252197265
2.54,0.12571383476257325,2.540000125,2.5496524810791015
2.56,0.12272509574890138,2.560000125,2.5397147369384765
2.58,0.1197363567352295,2.580000125,2.5546213531494137
2.6,0.1277063274383545,2.600000125,2.5595902252197265
2.62,0.123721342086792,2.6200001250000002,2.5546213531494137
2.64,0.12272509574890138,2.6400001250000003,2.5496524810791015
2.66,0.12073260307312013,2.6600001250000003,2.5595902252197265
2.68,0.11774386405944826,2.6800001250000003,2.5546213531494137
2.7,0.12172884941101075,2.7000001250000003,2.5595902252197265
2.72,0.11077013969421388,2.7200001250000003,2.5496524810791015
2.74,0.11674761772155763,2.7400001250000003,2.5496524810791015
2.7600000000000002,0.13368380546569825,2.7600001250000004,2.594372329711914
2.7800000000000002,0.14265002250671388,2.7800001250000004,2.8130027008056637
2.8000000000000003,0.14663500785827638,2.8000001250000004,2.9272867584228512
2.82,0.15261248588562012,2.820000125,2.9272867584228512
2.84,0.139661283493042,2.840000125,2.8378470611572264
2.86,0.13268755912780764,2.860000125,2.7285318756103516
2.88,0.1306950664520264,2.880000125,2.6092789459228514
2.9,0.12471758842468263,2.900000125,2.524808120727539
2.92,0.1306950664520264,2.920000125,2.445306167602539
2.94,0.12571383476257325,2.940000125,2.405555191040039
2.96,0.1267100811004639,2.960000125,2.375741958618164
2.98,0.123721342086792,2.980000125,2.355866470336914
3.0,0.115751371383667,3.000000125,2.3608353424072264
3.02,0.115751371383667,3.020000125,2.3707730865478513
3.04,0.11674761772155763,3.040000125,2.375741958618164
3.06,0.1197363567352295,3.060000125,2.4005863189697263
3.08,0.11475512504577638,3.080000125,2.425430679321289
3.1,0.11375887870788576,3.100000125,2.425430679321289
3.12,0.10877764701843262,3.1200001250000002,2.4403372955322267
3.14,0.11077013969421388,3.1400001250000003,2.4602127838134766
3.16,0.11276263236999513,3.1600001250000003,2.475119400024414
3.18,0.10877764701843262,3.1800001250000003,2.4900260162353516
3.2,0.10977389335632325,3.2000001250000003,2.504932632446289
3.22,0.11176638603210451,3.2200001250000003,2.514870376586914
3.24,0.10578890800476075,3.2400001250000003,2.5099015045166015
3.2600000000000002,0.10877764701843262,3.2600001250000004,2.5198392486572265
3.2800000000000002,0.10479266166687012,3.2800001250000004,2.534745864868164
3.3000000000000003,0.11176638603210451,3.3000001250000004,2.534745864868164
3.3200000000000003,0.10977389335632325,3.3200001250000004,2.5496524810791015
3.34,0.10578890800476075,3.340000125,2.5496524810791015
3.36,0.10479266166687012,3.360000125,2.5496524810791015
3.38,0.10877764701843262,3.380000125,2.5546213531494137
3.4,0.10578890800476075,3.400000125,2.5496524810791015
3.42,0.10877764701843262,3.420000125,2.5496524810791015
3.44,0.10479266166687012,3.440000125,2.5496524810791015
3.46,0.10080767631530763,3.460000125,2.5546213531494137
3.48,0.10678515434265137,3.480000125,2.5595902252197265
3.5,0.10080767631530763,3.500000125,2.5446836090087888
3.52,0.10678515434265137,3.520000125,2.5546213531494137
3.54,0.10080767631530763,3.540000125,2.5546213531494137
3.56,0.1037964153289795,3.560000125,2.5546213531494137
3.58,0.099811429977417,3.580000125,2.5546213531494137
3.6,0.10479266166687012,3.600000125,2.5546213531494137
3.62,0.099811429977417,3.6200001250000002,2.5496524810791015
3.64,0.10180392265319825,3.6400001250000003,2.5546213531494137
3.66,0.10479266166687012,3.6600001250000003,2.5496524810791015
3.68,0.10080767631530763,3.6800001250000003,2.5496524810791015
3.7,0.0958264446258545,3.7000001250000003,2.5496524810791015
3.72,0.1037964153289795,3.7200001250000003,2.5546213531494137
3.74,0.10080767631530763,3.7400001250000003,2.5496524810791015
3.7600000000000002,0.107781400680542,3.7600001250000004,2.604310073852539
3.7800000000000002,0.12272509574890138,3.7800001250000004,2.8080338287353515
3.8000000000000003,0.12073260307312013,3.8000001250000004,2.922317886352539
3.8200000000000003,0.11874011039733888,3.8200001250000004,2.932255630493164
3.84,0.12272509574890138,3.840000125,2.8378470611572264
3.86,0.12272509574890138,3.860000125,2.733500747680664
3.88,0.11276263236999513,3.880000125,2.614247817993164
3.9,0.11077013969421388,3.900000125,2.5198392486572265
3.92,0.10678515434265137,3.920000125,2.4303995513916012
3.94,0.10877764701843262,3.940000125,2.4005863189697263
3.96,0.1037964153289795,3.960000125,2.3707730865478513
3.98,0.1037964153289795,3.980000125,2.355866470336914
4.0,0.09781893730163575,4.000000125,2.355866470336914
4.0200000000000005,0.10180392265319825,4.020000125,2.3707730865478513
4.04,0.09781893730163575,4.040000125,2.375741958618164
4.0600000000000005,0.09483019828796388,4.060000125,2.4005863189697263
4.08,0.09483019828796388,4.080000125,2.4105240631103513
4.1,0.09283770561218263,4.100000124999999,2.4303995513916012
4.12,0.10080767631530763,4.120000125,2.4502750396728517
4.14,0.09383395195007325,4.140000124999999,2.465181655883789
4.16,0.091841459274292,4.160000125,2.475119400024414
4.18,0.09084521293640138,4.180000124999999,2.4900260162353516
4.2,0.08686022758483887,4.200000125,2.4999637603759766
4.22,0.083871488571167,4.220000124999999,2.504932632446289
4.24,0.09084521293640138,4.240000125,2.5198392486572265
4.26,0.09682269096374513,4.2600001249999995,2.534745864868164
4.28,0.08287524223327637,4.280000125,2.5397147369384765
4.3,0.08586398124694825,4.3000001249999995,2.5446836090087888
4.32,0.08885272026062012,4.320000125,2.534745864868164
4.34,0.09283770561218263,4.3400001249999995,2.5496524810791015
4.36,0.091841459274292,4.360000125,2.5446836090087888
4.38,0.09383395195007325,4.380000125,2.5496524810791015
4.4,0.08984896659851076,4.400000125,2.5446836090087888
4.42,0.08885272026062012,4.420000125,2.5496524810791015
4.44,0.08885272026062012,4.440000125,2.5546213531494137
4.46,0.0878564739227295,4.460000125,2.5546213531494137
4.48,0.0878564739227295,4.480000125,2.5546213531494137
4.5,0.09283770561218263,4.500000125,2.5446836090087888
4.5200000000000005,0.07889025688171387,4.520000125,2.4900260162353516
4.54,0.059961576461791996,4.540000125,2.2415824127197266
4.5600000000000005,0.05099535942077637,4.560000125,2.037858657836914
4.58,0.04202914237976075,4.580000125,1.898730239868164
4.6000000000000005,0.03306292533874512,4.600000125,1.8540103912353514
4.62,0.0320666790008545,4.620000125,1.8738858795166016
4.64,0.024096708297729495,4.640000124999999,1.928543472290039
4.66,0.02110796928405762,4.660000125,2.0130142974853515
4.68,0.02509295463562012,4.680000124999999,2.0925162506103514
4.7,0.02509295463562012,4.700000125,2.186924819946289
4.72,0.02110796928405762,4.720000124999999,2.2614579010009765
4.74,0.024096708297729495,4.740000125,2.345928726196289
4.76,0.026089200973510744,4.7600001249999995,2.4502750396728517
4.78,0.044021635055542,4.780000125,2.723563003540039
4.8,0.04103289604187012,4.8000001249999995,2.8875357818603513
4.82,0.03904040336608887,4.820000125,2.9173490142822263
4.84,0.03405917167663575,4.8400001249999995,2.8775980377197263
4.86,0.0320666790008545,4.860000125,2.7931272125244138
4.88,0.02907793998718262,4.880000125,2.6987186431884767
4.9,0.028081693649291996,4.900000125,2.6291544342041013
4.92,0.028081693649291996,4.920000125,2.564559097290039
4.94,0.018119230270385745,4.940000125,2.534745864868164
4.96,0.016126737594604493,4.960000125,2.534745864868164
4.98,0.016126737594604493,4.980000125,2.514870376586914
5.0,0.018119230270385745,5.000000125,2.5297769927978515
5.0200000000000005,0.017122983932495117,5.020000125,2.564559097290039
5.04,0.016126737594604493,5.040000125,2.574496841430664
5.0600000000000005,0.01911547660827637,5.060000125,2.604310073852539
5.08,0.010149259567260743,5.080000125,2.614247817993164
5.1000000000000005,0.015130491256713868,5.100000125,2.634123306274414
5.12,0.022104215621948243,5.120000125,2.644061050415039
5.14,0.022104215621948243,5.140000124999999,2.6589676666259763
5.16,0.014134244918823244,5.160000125,2.6490299224853513
5.18,0.011145505905151369,5.180000124999999,2.653998794555664
5.2,0.014134244918823244,5.200000125,2.663936538696289
5.22,0.015130491256713868,5.220000124999999,2.663936538696289
5.24,0.011145505905151369,5.240000125,2.663936538696289
5.26,0.022104215621948243,5.2600001249999995,2.663936538696289
5.28,0.013137998580932618,5.280000125,2.6589676666259763
5.3,0.015130491256713868,5.3000001249999995,2.6589676666259763
5.32,0.014134244918823244,5.320000125,2.653998794555664
5.34,0.010149259567260743,5.3400001249999995,2.6390921783447263
5.36,0.018119230270385745,5.360000125,2.644061050415039
5.38,0.014134244918823244,5.380000125,2.6390921783447263
5.4,0.010149259567260743,5.400000125,2.634123306274414
5.42,0.01911547660827637,5.420000125,2.634123306274414
5.44,0.018119230270385745,5.440000125,2.624185562133789
5.46,0.018119230270385745,5.460000125,2.6291544342041013
5.48,0.016126737594604493,5.480000125,2.634123306274414
5.5,0.015130491256713868,5.500000125,2.6192166900634763
5.5200000000000005,0.013137998580932618,5.520000125,2.6192166900634763
5.54,0.013137998580932618,5.540000125,2.614247817993164
5.5600000000000005,0.011145505905151369,5.560000125,2.6192166900634763
5.58,0.011145505905151369,5.580000125,2.614247817993164
5.6000000000000005,0.016126737594604493,5.600000125,2.614247817993164
5.62,0.010149259567260743,5.620000125,2.604310073852539
5.64,0.011145505905151369,5.640000124999999,2.6092789459228514
5.66,0.012141752243041993,5.660000125,2.594372329711914
5.68,0.009153013229370118,5.680000124999999,2.594372329711914
5.7,0.015130491256713868,5.700000125,2.594372329711914
5.72,0.016126737594604493,5.720000124999999,2.594372329711914
5.74,0.014134244918823244,5.740000125,2.5993412017822264
5.76,0.018119230270385745,5.7600001249999995,2.604310073852539
5.78,0.03904040336608887,5.780000125,2.7682828521728515
5.8,0.03405917167663575,5.8000001249999995,2.8775980377197263
5.82,0.030074186325073245,5.820000125,2.8775980377197263
5.84,0.03107043266296387,5.8400001249999995,2.8030649566650387
5.86,0.02509295463562012,5.860000125,2.7086563873291016
5.88,0.024096708297729495,5.880000125,2.604310073852539
5.9,0.017122983932495117,5.900000125,2.5297769927978515
5.92,0.01911547660827637,5.920000125,2.4502750396728517
5.94,0.016126737594604493,5.940000125,2.4204618072509763
5.96,0.017122983932495117,5.960000125,2.4005863189697263
5.98,0.02310046195983887,5.980000125,2.405555191040039
6.0,0.015130491256713868,6.000000125,2.415492935180664
6.0200000000000005,0.020111722946166994,6.020000125,2.425430679321289
6.04,0.017122983932495117,6.040000125,2.445306167602539
6.0600000000000005,0.022104215621948243,6.060000125,2.475119400024414
6.08,0.020111722946166994,6.080000125,2.485057144165039
6.1000000000000005,0.017122983932495117,6.100000125,2.514870376586914
6.12,0.017122983932495117,6.120000125,2.5297769927978515
6.140000000000001,0.013137998580932618,6.140000125,2.534745864868164
6.16,0.012141752243041993,6.160000125,2.5446836090087888
6.18,0.016126737594604493,6.180000124999999,2.5446836090087888
6.2,0.014134244918823244,6.200000125,2.5496524810791015
6.22,0.010149259567260743,6.220000124999999,2.564559097290039
6.24,0.015130491256713868,6.240000125,2.5595902252197265
6.26,0.020111722946166994,6.2600001249999995,2.574496841430664
6.28,0.01911547660827637,6.280000125,2.5595902252197265
6.3,0.013137998580932618,6.3000001249999995,2.564559097290039
6.32,0.015130491256713868,6.320000125,2.5595902252197265
6.34,0.010149259567260743,6.3400001249999995,2.5546213531494137
6.36,0.016126737594604493,6.360000125,2.564559097290039
6.38,0.010149259567260743,6.380000125,2.5546213531494137
6.4,0.017122983932495117,6.400000125,2.564559097290039
6.42,0.009153013229370118,6.420000125,2.5546213531494137
6.44,0.012141752243041993,6.440000125,2.5546213531494137
6.46,0.02110796928405762,6.460000125,2.5695279693603514
6.48,0.017122983932495117,6.480000125,2.5595902252197265
6.5,0.013137998580932618,6.500000125,2.5695279693603514
6.5200000000000005,0.016126737594604493,6.520000125,2.5595902252197265
6.54,0.012141752243041993,6.540000125,2.5595902252197265
6.5600000000000005,0.018119230270385745,6.560000125,2.5595902252197265
6.58,0.011145505905151369,6.580000125,2.5546213531494137
6.6000000000000005,0.011145505905151369,6.600000125,2.5546213531494137
6.62,0.015130491256713868,6.620000125,2.5446836090087888
6.640000000000001,0.020111722946166994,6.640000125,2.5595902252197265
6.66,0.022104215621948243,6.660000125,2.5496524810791015
6.68,0.014134244918823244,6.680000124999999,2.5496524810791015
6.7,0.016126737594604493,6.700000125,2.5496524810791015
6.72,0.016126737594604493,6.720000124999999,2.5595902252197265
6.74,0.009153013229370118,6.740000125,2.5546213531494137
6.76,0.01911547660827637,6.7600001249999995,2.564559097290039
6.78,0.036051664352416996,6.780000125,2.7185941314697266
6.8,0.03306292533874512,6.8000001249999995,2.832878189086914
6.82,0.02907793998718262,6.820000125,2.842815933227539
6.84,0.03505541801452637,6.8400001249999995,2.7782205963134765
6.86,0.02907793998718262,6.860000125,2.6788431549072262
6.88,0.020111722946166994,6.880000125,2.564559097290039
6.9,0.01911547660827637,6.900000125,2.4800882720947266
6.92,0.015130491256713868,6.920000125,2.4204618072509763
6.94,0.017122983932495117,6.940000125,2.3906485748291013
6.96,0.015130491256713868,6.960000125,2.3707730865478513
6.98,0.02110796928405762,6.980000125,2.375741958618164
7.0,0.013137998580932618,7.000000125,2.385679702758789
7.0200000000000005,0.020111722946166994,7.020000125,2.405555191040039
7.04,0.013137998580932618,7.040000125,2.4303995513916012
7.0600000000000005,0.008156766891479494,7.060000125,2.4403372955322267
7.08,0.012141752243041993,7.080000125,2.4701505279541016
7.1000000000000005,0.014134244918823244,7.100000125,2.485057144165039
7.12,0.015130491256713868,7.120000125,2.494994888305664
7.140000000000001,0.011145505905151369,7.140000125,2.514870376586914
7.16,0.020111722946166994,7.160000125,2.5297769927978515
7.18,0.012141752243041993,7.180000124999999,2.5297769927978515
7.2,0.015130491256713868,7.200000125,2.5297769927978515
7.22,0.01911547660827637,7.220000124999999,2.5496524810791015
7.24,0.011145505905151369,7.240000125,2.5397147369384765
7.26,0.016126737594604493,7.2600001249999995,2.5397147369384765
7.28,0.015130491256713868,7.280000125,2.5446836090087888
7.3,0.016126737594604493,7.3000001249999995,2.5446836090087888
7.32,0.018119230270385745,7.320000125,2.5546213531494137
7.34,0.022104215621948243,7.3400001249999995,2.5546213531494137
7.36,0.015130491256713868,7.360000125,2.5446836090087888
7.38,0.017122983932495117,7.380000125,2.5496524810791015
7.4,0.016126737594604493,7.400000125,2.5546213531494137
7.42,0.020111722946166994,7.420000125,2.5496524810791015
7.44,0.016126737594604493,7.440000125,2.5496524810791015
7.46,0.011145505905151369,7.460000125,2.5546213531494137
7.48,0.01911547660827637,7.480000125,2.5446836090087888
7.5,0.014134244918823244,7.500000125,2.5496524810791015
7.5200000000000005,0.02310046195983887,7.520000125,2.5546213531494137
7.54,0.01911547660827637,7.540000125,2.5446836090087888
7.5600000000000005,0.015130491256713868,7.560000125,2.5446836090087888
7.58,0.015130491256713868,7.580000125,2.5496524810791015
7.6000000000000005,0.011145505905151369,7.600000125,2.534745864868164
7.62,0.011145505905151369,7.620000125,2.5446836090087888
7.640000000000001,0.005168027877807618,7.640000125,2.5397147369384765
7.66,0.013137998580932618,7.660000125,2.5446836090087888
7.68,0.013137998580932618,7.680000124999999,2.5446836090087888
7.7,0.016126737594604493,7.700000125,2.5496524810791015
7.72,0.011145505905151369,7.720000124999999,2.5446836090087888
7.74,0.011145505905151369,7.740000125,2.5595902252197265
7.76,0.020111722946166994,7.7600001249999995,2.574496841430664
7.78,0.028081693649291996,7.780000125,2.723563003540039
7.8,0.03505541801452637,7.8000001249999995,2.832878189086914
7.82,0.03704791069030762,7.820000125,2.842815933227539
7.84,0.026089200973510744,7.8400001249999995,2.7583451080322265
7.86,0.0320666790008545,7.860000125,2.673874282836914
7.88,0.02110796928405762,7.880000125,2.564559097290039
7.9,0.016126737594604493,7.900000125,2.485057144165039
7.92,0.018119230270385745,7.920000125,2.4105240631103513
7.94,0.018119230270385745,7.940000125,2.3807108306884763
7.96,0.017122983932495117,7.960000125,2.3608353424072264
7.98,0.010149259567260743,7.980000125,2.3608353424072264
8.0,0.016126737594604493,8.000000125,2.3906485748291013
8.02,0.016126737594604493,8.020000125,2.4105240631103513
8.040000000000001,0.017122983932495117,8.040000125,2.4204618072509763
8.06,0.012141752243041993,8.060000125,2.445306167602539
8.08,0.0041717815399169925,8.080000125,2.465181655883789
8.1,0.014134244918823244,8.100000125,2.4900260162353516
8.120000000000001,0.010149259567260743,8.120000125,2.4900260162353516
8.14,0.01911547660827637,8.140000125,2.5099015045166015
8.16,0.010149259567260743,8.160000125,2.514870376586914
8.18,0.014134244918823244,8.180000125,2.534745864868164
8.2,0.013137998580932618,8.200000124999999,2.5297769927978515
8.22,0.010149259567260743,8.220000125,2.534745864868164
8.24,0.011145505905151369,8.240000125,2.5198392486572265
8.26,0.016126737594604493,8.260000125,2.5397147369384765
8.28,0.018119230270385745,8.280000124999999,2.5446836090087888
8.3,0.015130491256713868,8.300000125,2.5446836090087888
8.32,0.010149259567260743,8.320000125,2.5397147369384765
8.34,0.015130491256713868,8.340000125,2.5397147369384765
8.36,0.018119230270385745,8.360000125,2.5446836090087888
8.38,0.017122983932495117,8.380000125,2.5496524810791015
8.4,0.017122983932495117,8.400000125,2.5595902252197265
8.42,0.012141752243041993,8.420000125,2.5546213531494137
8.44,0.016126737594604493,8.440000125,2.5546213531494137
8.46,0.016126737594604493,8.460000125,2.5546213531494137
8.48,0.016126737594604493,8.480000125,2.5496524810791015
8.5,0.015130491256713868,8.500000125,2.5446836090087888
8.52,0.013137998580932618,8.520000125,2.5496524810791015
8.540000000000001,0.013137998580932618,8.540000125,2.5595902252197265
8.56,0.014134244918823244,8.560000125,2.5446836090087888
8.58,0.016126737594604493,8.580000125,2.5496524810791015
8.6,0.018119230270385745,8.600000125,2.5496524810791015
8.620000000000001,0.022104215621948243,8.620000125,2.5446836090087888
8.64,0.016126737594604493,8.640000125,2.5397147369384765
8.66,0.013137998580932618,8.660000125,2.5446836090087888
8.68,0.010149259567260743,8.680000125,2.5446836090087888
8.700000000000001,0.009153013229370118,8.700000125,2.5595902252197265
8.72,0.014134244918823244,8.720000125,2.5397147369384765
8.74,0.009153013229370118,8.740000125,2.5446836090087888
8.76,0.020111722946166994,8.760000125,2.5595902252197265
8.78,0.03505541801452637,8.780000124999999,2.723563003540039
8.8,0.03405917167663575,8.800000125,2.832878189086914
8.82,0.03704791069030762,8.820000125,2.8378470611572264
8.84,0.03306292533874512,8.840000125,2.7682828521728515
8.86,0.028081693649291996,8.860000125,2.663936538696289
8.88,0.024096708297729495,8.880000125,2.5595902252197265
8.9,0.024096708297729495,8.900000125,2.475119400024414
8.92,0.02509295463562012,8.920000125,2.415492935180664
8.94,0.013137998580932618,8.940000125,2.3707730865478513
8.96,0.018119230270385745,8.960000125,2.3608353424072264
8.98,0.020111722946166994,8.980000125,2.3707730865478513
9.0,0.014134244918823244,9.000000125,2.3807108306884763
9.02,0.024096708297729495,9.020000125,2.4105240631103513
9.040000000000001,0.015130491256713868,9.040000125,2.425430679321289
9.06,0.014134244918823244,9.060000125,2.4403372955322267
9.08,0.020111722946166994,9.080000125,2.475119400024414
9.1,0.012141752243041993,9.100000125,2.485057144165039
9.120000000000001,0.018119230270385745,9.120000125,2.5099015045166015
9.14,0.015130491256713868,9.140000125,2.5198392486572265
9.16,0.013137998580932618,9.160000125,2.524808120727539
9.18,0.012141752243041993,9.180000125,2.5297769927978515
9.200000000000001,0.015130491256713868,9.200000125,2.5297769927978515
9.22,0.008156766891479494,9.220000125,2.534745864868164
9.24,0.010149259567260743,9.240000125,2.5297769927978515
9.26,0.016126737594604493,9.260000125,2.5397147369384765
9.28,0.02310046195983887,9.280000124999999,2.5496524810791015
9.3,0.014134244918823244,9.300000125,2.5397147369384765
9.32,0.010149259567260743,9.320000125,2.5446836090087888
9.34,0.015130491256713868,9.340000125,2.5446836090087888
9.36,0.012141752243041993,9.360000125,2.5446836090087888
9.38,0.014134244918823244,9.380000125,2.5496524810791015
9.4,0.012141752243041993,9.400000125,2.5546213531494137
9.42,0.015130491256713868,9.420000125,2.5546213531494137
9.44,0.018119230270385745,9.440000125,2.5546213531494137
9.46,0.01911547660827637,9.460000125,2.5496524810791015
9.48,0.017122983932495117,9.480000125,2.5546213531494137
9.5,0.016126737594604493,9.500000125,2.5446836090087888
9.52,0.014134244918823244,9.520000125,2.5446836090087888
9.540000000000001,0.02110796928405762,9.540000125,2.5496524810791015
9.56,0.011145505905151369,9.560000125,2.5446836090087888
9.58,0.01911547660827637,9.580000125,2.5397147369384765
9.6,0.013137998580932618,9.600000125,2.5446836090087888
9.620000000000001,0.016126737594604493,9.620000125,2.5496524810791015
9.64,0.015130491256713868,9.640000125,2.5496524810791015
9.66,0.011145505905151369,9.660000125,2.5496524810791015
9.68,0.016126737594604493,9.680000125,2.5397147369384765
9.700000000000001,0.012141752243041993,9.700000125,2.5496524810791015
9.72,0.016126737594604493,9.720000125,2.5446836090087888
9.74,0.018119230270385745,9.740000125,2.5496524810791015
9.76,0.02110796928405762,9.760000125,2.5546213531494137
9.78,0.03505541801452637,9.780000124999999,2.723563003540039
9.8,0.04202914237976075,9.800000125,2.832878189086914
9.82,0.0320666790008545,9.820000125,2.8477848052978514
9.84,0.03107043266296387,9.840000125,2.753376235961914
9.86,0.026089200973510744,9.860000125,2.673874282836914
9.88,0.024096708297729495,9.880000125,2.564559097290039
9.9,0.026089200973510744,9.900000125,2.4900260162353516
9.92,0.013137998580932618,9.920000125,2.415492935180664
9.94,0.018119230270385745,9.940000125,2.3807108306884763
9.96,0.015130491256713868,9.960000125,2.3608353424072264
9.98,0.01911547660827637,9.980000125,2.3608353424072264
10.0,0.012141752243041993,10.000000125,2.3906485748291013
10.02,0.012141752243041993,10.020000125,2.395617446899414
10.040000000000001,0.017122983932495117,10.040000125,2.4204618072509763
10.06,0.01911547660827637,10.060000125,2.445306167602539
10.08,0.02110796928405762,10.080000125,2.465181655883789
10.1,0.02310046195983887,10.100000125,2.4800882720947266
10.120000000000001,0.017122983932495117,10.120000125,2.494994888305664
10.14,0.010149259567260743,10.140000125,2.4999637603759766
10.16,0.010149259567260743,10.160000125,2.514870376586914
10.18,0.017122983932495117,10.180000125,2.5297769927978515
10.200000000000001,0.016126737594604493,10.200000125,2.524808120727539
10.22,0.012141752243041993,10.220000125,2.534745864868164
10.24,0.02110796928405762,10.240000125,2.5446836090087888
10.26,0.016126737594604493,10.260000125,2.5496524810791015
10.28,0.010149259567260743,10.280000124999999,2.5446836090087888
10.3,0.01911547660827637,10.300000125,2.5446836090087888
10.32,0.02110796928405762,10.320000125,2.5446836090087888
10.34,0.020111722946166994,10.340000125,2.5546213531494137
10.36,0.017122983932495117,10.360000125,2.5496524810791015
10.38,0.013137998580932618,10.380000125,2.5496524810791015
10.4,0.015130491256713868,10.400000125,2.5496524810791015
10.42,0.016126737594604493,10.420000125,2.5397147369384765
10.44,0.012141752243041993,10.440000125,2.5496524810791015
10.46,0.014134244918823244,10.460000125,2.5496524810791015
10.48,0.012141752243041993,10.480000125,2.5446836090087888
10.5,0.014134244918823244,10.500000125,2.5496524810791015
10.52,0.0071605205535888675,10.520000125,2.5446836090087888
10.540000000000001,0.02310046195983887,10.540000125,2.5446836090087888
10.56,0.01911547660827637,10.560000125,2.5496524810791015
10.58,0.018119230270385745,10.580000125,2.5446836090087888
10.6,0.010149259567260743,10.600000125,2.5397147369384765
10.620000000000001,0.015130491256713868,10.620000125,2.5446836090087888
10.64,0.008156766891479494,10.640000125,2.5446836090087888
10.66,0.014134244918823244,10.660000125,2.5446836090087888
10.68,0.015130491256713868,10.680000125,2.5446836090087888
10.700000000000001,0.016126737594604493,10.700000125,2.5496524810791015
10.72,0.02110796928405762,10.720000125,2.5496524810791015
10.74,0.018119230270385745,10.740000125,2.5496524810791015
10.76,0.020111722946166994,10.760000125,2.5595902252197265
10.78,0.0320666790008545,10.780000124999999,2.723563003540039
10.8,0.038044157028198244,10.800000125,2.8378470611572264
10.82,0.03306292533874512,10.820000125,2.8378470611572264
10.84,0.03306292533874512,10.840000125,2.7682828521728515
10.86,0.03107043266296387,10.860000125,2.673874282836914
10.88,0.026089200973510744,10.880000125,2.564559097290039
10.9,0.024096708297729495,10.900000125,2.485057144165039
10.92,0.024096708297729495,10.920000125,2.415492935180664
10.94,0.02110796928405762,10.940000125,2.375741958618164
10.96,0.014134244918823244,10.960000125,2.355866470336914
10.98,0.014134244918823244,10.980000125,2.355866470336914
11.0,0.017122983932495117,11.000000125,2.3707730865478513
11.02,0.013137998580932618,11.020000125,2.395617446899414
11.040000000000001,0.014134244918823244,11.040000125,2.4204618072509763
11.06,0.015130491256713868,11.060000125,2.445306167602539
11.08,0.014134244918823244,11.080000125,2.465181655883789
11.1,0.013137998580932618,11.100000125,2.4800882720947266
11.120000000000001,0.018119230270385745,11.120000125,2.504932632446289
11.14,0.015130491256713868,11.140000125,2.514870376586914
11.16,0.012141752243041993,11.160000125,2.524808120727539
11.18,0.005168027877807618,11.180000125,2.524808120727539
11.200000000000001,0.015130491256713868,11.200000125,2.524808120727539
11.22,0.013137998580932618,11.220000125,2.5397147369384765
11.24,0.020111722946166994,11.240000125,2.5397147369384765
11.26,0.01911547660827637,11.260000125,2.534745864868164
11.28,0.017122983932495117,11.280000124999999,2.5397147369384765
11.3,0.015130491256713868,11.300000125,2.5446836090087888
11.32,0.017122983932495117,11.320000125,2.5496524810791015
11.34,0.014134244918823244,11.340000125,2.5446836090087888
11.36,0.012141752243041993,11.360000125,2.5446836090087888
11.38,0.020111722946166994,11.380000125,2.5546213531494137
11.4,0.008156766891479494,11.400000125,2.5496524810791015
11.42,0.017122983932495117,11.420000125,2.5446836090087888
11.44,0.014134244918823244,11.440000125,2.5496524810791015
11.46,0.016126737594604493,11.460000125,2.5546213531494137
11.48,0.011145505905151369,11.480000125,2.534745864868164
11.5,0.014134244918823244,11.500000125,2.5397147369384765
11.52,0.016126737594604493,11.520000125,2.5397147369384765
11.540000000000001,0.014134244918823244,11.540000125,2.5496524810791015
11.56,0.018119230270385745,11.560000125,2.5446836090087888
11.58,0.013137998580932618,11.580000125,2.5546213531494137
11.6,0.017122983932495117,11.600000125,2.5546213531494137
11.620000000000001,0.020111722946166994,11.620000125,2.5595902252197265
11.64,0.02110796928405762,11.640000125,2.534745864868164
11.66,0.013137998580932618,11.660000125,2.5496524810791015
11.68,0.015130491256713868,11.680000125,2.5546213531494137
11.700000000000001,0.013137998580932618,11.700000125,2.5397147369384765
11.72,0.01911547660827637,11.720000125,2.5446836090087888
11.74,0.011145505905151369,11.740000125,2.5496524810791015
11.76,0.018119230270385745,11.760000125,2.564559097290039
11.78,0.04202914237976075,11.780000124999999,2.723563003540039
11.8,0.030074186325073245,11.800000125,2.8279093170166014
11.82,0.03306292533874512,11.820000125,2.832878189086914
11.84,0.030074186325073245,11.840000125,2.7682828521728515
11.86,0.028081693649291996,11.860000125,2.6689054107666013
11.88,0.026089200973510744,11.880000125,2.5695279693603514
11.9,0.026089200973510744,11.900000125,2.485057144165039
11.92,0.022104215621948243,11.920000125,2.415492935180664
11.94,0.02110796928405762,11.940000125,2.3807108306884763
11.96,0.017122983932495117,11.960000125,2.375741958618164
11.98,0.005168027877807618,11.980000125,2.355866470336914
12.0,0.011145505905151369,12.000000125,2.375741958618164
12.02,0.013137998580932618,12.020000125,2.395617446899414
12.040000000000001,0.01911547660827637,12.040000125,2.415492935180664
12.06,0.015130491256713868,12.060000125,2.4403372955322267
12.08,0.018119230270385745,12.080000125,2.4502750396728517
12.1,0.015130491256713868,12.100000125,2.475119400024414
12.120000000000001,0.013137998580932618,12.120000125,2.494994888305664
12.14,0.012141752243041993,12.140000125,2.504932632446289
12.16,0.01911547660827637,12.160000125,2.524808120727539
12.18,0.011145505905151369,12.180000125,2.5297769927978515
12.200000000000001,0.015130491256713868,12.200000125,2.534745864868164
12.22,0.0071605205535888675,12.220000125,2.5297769927978515
12.24,0.014134244918823244,12.240000125,2.5297769927978515
12.26,0.011145505905151369,12.260000125,2.5397147369384765
12.280000000000001,0.016126737594604493,12.280000125,2.5446836090087888
12.3,0.011145505905151369,12.300000125,2.5496524810791015
12.32,0.017122983932495117,12.320000125,2.5446836090087888
12.34,0.011145505905151369,12.340000125,2.5496524810791015
12.36,0.018119230270385745,12.360000125,2.5397147369384765
12.38,0.013137998580932618,12.380000125,2.5397147369384765
12.4,0.009153013229370118,12.400000125,2.5496524810791015
12.42,0.014134244918823244,12.420000125,2.5496524810791015
12.44,0.016126737594604493,12.440000125,2.5446836090087888
12.46,0.012141752243041993,12.460000125,2.5446836090087888
12.48,0.010149259567260743,12.480000125,2.5496524810791015
12.5,0.012141752243041993,12.500000125,2.5397147369384765
12.52,0.017122983932495117,12.520000125,2.5546213531494137
12.540000000000001,0.012141752243041993,12.540000125,2.5496524810791015
12.56,0.014134244918823244,12.560000125,2.5446836090087888
12.58,0.016126737594604493,12.580000125,2.5446836090087888
12.6,0.014134244918823244,12.600000125,2.5446836090087888
12.620000000000001,0.01911547660827637,12.620000125,2.5397147369384765
12.64,0.010149259567260743,12.640000125,2.5397147369384765
12.66,0.009153013229370118,12.660000125,2.5446836090087888
12.68,0.015130491256713868,12.680000125,2.5496524810791015
12.700000000000001,0.017122983932495117,12.700000125,2.5595902252197265
12.72,0.010149259567260743,12.720000125,2.5496524810791015
12.74,0.011145505905151369,12.740000125,2.5446836090087888
12.76,0.015130491256713868,12.760000125,2.5595902252197265
12.780000000000001,0.036051664352416996,12.780000125,2.733500747680664
12.8,0.038044157028198244,12.800000125,2.8477848052978514
12.82,0.038044157028198244,12.820000125,2.852753677368164
12.84,0.03704791069030762,12.840000125,2.7881583404541015
12.86,0.030074186325073245,12.860000125,2.673874282836914
12.88,0.026089200973510744,12.880000125,2.5695279693603514
12.9,0.02708544731140137,12.900000125,2.485057144165039
12.92,0.020111722946166994,12.920000125,2.4204618072509763
12.94,0.02110796928405762,12.940000125,2.375741958618164
12.96,0.018119230270385745,12.960000125,2.355866470336914
12.98,0.016126737594604493,12.980000125,2.3608353424072264
13.0,0.01911547660827637,13.000000125,2.375741958618164
13.02,0.016126737594604493,13.020000125,2.3906485748291013
13.040000000000001,0.014134244918823244,13.040000125,2.405555191040039
13.06,0.015130491256713868,13.060000125,2.435368423461914
13.08,0.017122983932495117,13.080000125,2.465181655883789
13.1,0.010149259567260743,13.100000125,2.4701505279541016
13.120000000000001,0.013137998580932618,13.120000125,2.504932632446289
13.14,0.014134244918823244,13.140000125,2.504932632446289
13.16,0.013137998580932618,13.160000125,2.5297769927978515
13.18,0.015130491256713868,13.180000125,2.5198392486572265
13.200000000000001,0.014134244918823244,13.200000125,2.524808120727539
13.22,0.014134244918823244,13.220000125,2.5397147369384765
13.24,0.017122983932495117,13.240000125,2.5446836090087888
13.26,0.009153013229370118,13.260000125,2.534745864868164
13.280000000000001,0.013137998580932618,13.280000125,2.5397147369384765
13.3,0.017122983932495117,13.300000125,2.5446836090087888
13.32,0.015130491256713868,13.320000125,2.5446836090087888
13.34,0.018119230270385745,13.340000125,2.5446836090087888
13.36,0.012141752243041993,13.360000125,2.5496524810791015
13.38,0.012141752243041993,13.380000125,2.5546213531494137
13.4,0.018119230270385745,13.400000125,2.5446836090087888
13.42,0.013137998580932618,13.420000125,2.5496524810791015
13.44,0.016126737594604493,13.440000125,2.5496524810791015
13.46,0.018119230270385745,13.460000125,2.5496524810791015
13.48,0.015130491256713868,13.480000125,2.5446836090087888
13.5,0.016126737594604493,13.500000125,2.5496524810791015
13.52,0.02110796928405762,13.520000125,2.5446836090087888
13.540000000000001,0.017122983932495117,13.540000125,2.5397147369384765
13.56,0.017122983932495117,13.560000125,2.5446836090087888
13.58,0.012141752243041993,13.580000125,2.5496524810791015
13.6,0.018119230270385745,13.600000125,2.5496524810791015
13.620000000000001,0.013137998580932618,13.620000125,2.5446836090087888
13.64,0.018119230270385745,13.640000125,2.5496524810791015
13.66,0.009153013229370118,13.660000125,2.5446836090087888
13.68,0.017122983932495117,13.680000125,2.5446836090087888
13.700000000000001,0.011145505905151369,13.700000125,2.5446836090087888
13.72,0.018119230270385745,13.720000125,2.5446836090087888
13.74,0.005168027877807618,13.740000125,2.5397147369384765
13.76,0.024096708297729495,13.760000125,2.5595902252197265
13.780000000000001,0.026089200973510744,13.780000125,2.733500747680664
13.8,0.04003664970397949,13.800000125,2.8378470611572264
13.82,0.02907793998718262,13.820000125,2.842815933227539
13.84,0.03704791069030762,13.840000125,2.783189468383789
13.86,0.02708544731140137,13.860000125,2.6788431549072262
13.88,0.02708544731140137,13.880000125,2.5695279693603514
13.9,0.02509295463562012,13.900000125,2.494994888305664
13.92,0.02310046195983887,13.920000125,2.415492935180664
13.94,0.02310046195983887,13.940000125,2.3807108306884763
13.96,0.020111722946166994,13.960000125,2.3608353424072264
13.98,0.017122983932495117,13.980000125,2.3608353424072264
14.0,0.012141752243041993,14.000000125,2.3608353424072264
14.02,0.016126737594604493,14.020000125,2.3906485748291013
14.040000000000001,0.014134244918823244,14.040000125,2.4005863189697263
14.06,0.015130491256713868,14.060000125,2.425430679321289
14.08,0.011145505905151369,14.080000125,2.445306167602539
14.1,0.010149259567260743,14.100000125,2.475119400024414
14.120000000000001,0.020111722946166994,14.120000125,2.494994888305664
14.14,0.013137998580932618,14.140000125,2.4999637603759766
14.16,0.008156766891479494,14.160000125,2.5099015045166015
14.18,0.011145505905151369,14.180000125,2.5198392486572265
14.200000000000001,0.010149259567260743,14.200000125,2.5297769927978515
14.22,0.013137998580932618,14.220000125,2.534745864868164
14.24,0.008156766891479494,14.240000125,2.5397147369384765
14.26,0.014134244918823244,14.260000125,2.5397147369384765
14.280000000000001,0.013137998580932618,14.280000125,2.5446836090087888
14.3,0.016126737594604493,14.300000125,2.5397147369384765
14.32,0.015130491256713868,14.320000125,2.5496524810791015
14.34,0.015130491256713868,14.340000125,2.5496524810791015
14.36,0.01911547660827637,14.360000125,2.5496524810791015
14.38,0.013137998580932618,14.380000125,2.5446836090087888
14.4,0.015130491256713868,14.400000125,2.5446836090087888
14.42,0.014134244918823244,14.420000125,2.5496524810791015
14.44,0.015130491256713868,14.440000125,2.5446836090087888
14.46,0.006164274215698243,14.460000125,2.5496524810791015
14.48,0.015130491256713868,14.480000125,2.5446836090087888
14.5,0.012141752243041993,14.500000125,2.5496524810791015
14.52,0.01911547660827637,14.520000125,2.5446836090087888
14.540000000000001,0.014134244918823244,14.540000125,2.5496524810791015
14.56,0.01911547660827637,14.560000125,2.5446836090087888
14.58,0.017122983932495117,14.580000125,2.5496524810791015
14.6,0.015130491256713868,14.600000125,2.5397147369384765
14.620000000000001,0.010149259567260743,14.620000125,2.5446836090087888
14.64,0.014134244918823244,14.640000125,2.5446836090087888
14.66,0.010149259567260743,14.660000125,2.5496524810791015
14.68,0.020111722946166994,14.680000125,2.5496524810791015
14.700000000000001,0.009153013229370118,14.700000125,2.5446836090087888
14.72,0.010149259567260743,14.720000125,2.5397147369384765
14.74,0.012141752243041993,14.740000125,2.5446836090087888
14.76,0.02708544731140137,14.760000125,2.5695279693603514
14.780000000000001,0.038044157028198244,14.780000125,2.7384696197509766
14.8,0.03704791069030762,14.800000125,2.8577225494384764
14.82,0.04003664970397949,14.820000125,2.862691421508789
14.84,0.036051664352416996,14.840000125,2.7782205963134765
14.86,0.0320666790008545,14.860000125,2.683812026977539
14.88,0.026089200973510744,14.880000125,2.574496841430664
14.9,0.026089200973510744,14.900000125,2.4900260162353516
14.92,0.02310046195983887,14.920000125,2.425430679321289
14.94,0.02110796928405762,14.940000125,2.3807108306884763
14.96,0.01911547660827637,14.960000125,2.355866470336914
14.98,0.014134244918823244,14.980000125,2.355866470336914
